Subbasin ID,HRU ID,Cell Count,HRU Area (m²),HRU Area (acres),SWAT ID,MUKEY ID,Slope Class
1,1,1863,186300,46.04,43,286240,2
1,2,1314,131400,32.47,43,286240,1
1,3,43,4300,1.06,43,286233,1
1,4,98,9800,2.42,43,286228,2
1,5,28,2800,0.69,43,286228,1
1,6,1701,170100,42.03,43,286228,4
1,7,3,300,0.07,43,286238,1
1,8,15,1500,0.37,43,286238,2
1,9,30,3000,0.74,43,286238,3
1,10,28,2800,0.69,43,286238,4
1,11,139,13900,3.43,43,286250,3
1,12,62,6200,1.53,43,286233,2
1,13,22,2200,0.54,43,286233,3
1,14,3409,340900,84.24,43,286226,1
1,15,142,14200,3.51,43,286250,4
1,16,151,15100,3.73,43,286250,2
1,17,7403,740300,182.93,43,286226,2
1,18,83,8300,2.05,43,286250,1
1,19,178,17800,4.4,43,286228,3
1,20,1921,192100,47.47,43,286240,3
1,21,18,1800,0.44,43,286309,3
1,22,3,300,0.07,43,286233,4
1,23,7815,781500,193.11,43,286226,4
1,24,7652,765200,189.08,43,286226,3
1,25,1574,157400,38.89,43,286227,2
1,26,2974,297400,73.49,43,286240,4
1,27,2620,262000,64.74,43,286227,3
1,28,33,3300,0.82,43,286309,2
1,29,5351,535100,132.23,43,286227,4
1,30,17,1700,0.42,43,286309,1
1,31,13,1300,0.32,43,286309,4
1,32,206,20600,5.09,33,286226,3
1,33,20,2000,0.49,43,286262,2
1,34,128,12800,3.16,43,286262,1
1,35,50,5000,1.24,53,286309,1
1,36,214,21400,5.29,33,286226,2
1,37,8,800,0.2,43,286262,3
1,38,2,200,0.05,53,286309,3
1,39,5,500,0.12,53,286309,2
1,40,1,100,0.02,53,286240,2
1,41,4551,455100,112.46,43,286284,1
1,42,2700,270000,66.72,43,286284,2
1,43,44,4400,1.09,91,286262,1
1,44,1,100,0.02,91,286240,1
1,45,8,800,0.2,91,286309,1
1,46,2055,205500,50.78,43,286284,3
1,47,517,51700,12.78,43,286227,1
1,48,165,16500,4.08,91,286284,1
1,49,7,700,0.17,91,286262,2
1,50,2,200,0.05,91,286309,2
1,51,2,200,0.05,53,286262,2
1,52,9,900,0.22,53,286262,1
1,53,173,17300,4.27,33,286226,4
1,54,106,10600,2.62,33,286226,1
1,55,2256,225600,55.75,43,286284,4
1,56,1,100,0.02,91,286284,2
1,57,883,88300,21.82,43,286296,3
1,58,439,43900,10.85,43,286296,1
1,59,735,73500,18.16,43,286296,2
1,60,78,7800,1.93,43,286244,1
1,61,1226,122600,30.3,43,286296,4
1,62,86,8600,2.13,33,286227,4
1,63,84,8400,2.08,43,286244,3
1,64,79,7900,1.95,33,286227,3
1,65,102,10200,2.52,43,286244,2
1,66,988,98800,24.41,43,286254,1
1,67,1876,187600,46.36,43,286254,2
1,68,129,12900,3.19,20,286254,3
1,69,96,9600,2.37,20,286254,4
1,70,100,10000,2.47,20,286254,1
1,71,150,15000,3.71,20,286254,2
1,72,1569,156900,38.77,43,286254,3
1,73,22,2200,0.54,25,286301,1
1,74,38,3800,0.94,25,286254,1
1,75,29,2900,0.72,25,286254,2
1,76,15,1500,0.37,25,286254,3
1,77,3,300,0.07,25,286254,4
1,78,7,700,0.17,25,286227,3
1,79,3,300,0.07,25,286227,1
1,80,72,7200,1.78,43,286264,3
1,81,1,100,0.02,25,286301,4
1,82,1302,130200,32.17,43,286254,4
1,83,6,600,0.15,25,286227,2
1,84,15,1500,0.37,25,286264,1
1,85,13,1300,0.32,25,286264,2
1,86,165,16500,4.08,43,286264,2
1,87,26,2600,0.64,43,286264,4
1,88,412,41200,10.18,41,286254,4
1,89,3765,376500,93.04,41,286227,4
1,90,209,20900,5.16,43,286264,1
1,91,1,100,0.02,25,286264,4
1,92,23,2300,0.57,53,286254,1
1,93,83,8300,2.05,53,286254,2
1,94,627,62700,15.49,41,286254,2
1,95,3,300,0.07,25,286227,4
1,96,1,100,0.02,25,286264,3
1,97,1,100,0.02,25,286255,1
1,98,130,13000,3.21,53,286254,3
1,99,4,400,0.1,25,286255,2
1,100,5,500,0.12,25,286255,3
1,101,609,60900,15.05,41,286254,3
1,102,1,100,0.02,53,286264,1
1,103,13,1300,0.32,53,286264,2
1,104,14,1400,0.35,53,286254,4
1,105,48,4800,1.19,53,286226,2
1,106,112,11200,2.77,21,286254,1
1,107,21,2100,0.52,33,286255,1
1,108,56,5600,1.38,33,286255,3
1,109,48,4800,1.19,33,286255,2
1,110,3,300,0.07,33,286228,4
1,111,503,50300,12.43,41,286255,4
1,112,239,23900,5.91,41,286255,3
1,113,105,10500,2.59,41,286255,2
1,114,1762,176200,43.54,41,286227,3
1,115,52,5200,1.28,53,286226,1
1,116,626,62600,15.47,20,286226,2
1,117,547,54700,13.52,20,286226,3
1,118,59,5900,1.46,33,286255,4
1,119,243,24300,6.0,41,286254,1
1,120,582,58200,14.38,20,286226,1
1,121,166,16600,4.1,21,286254,2
1,122,325,32500,8.03,41,286307,2
1,123,696,69600,17.2,41,286227,2
1,124,190,19000,4.69,41,286227,1
1,125,22,2200,0.54,41,286255,1
1,126,1,100,0.02,53,286264,3
1,127,194,19400,4.79,41,286307,3
1,128,8,800,0.2,53,286227,4
1,129,2,200,0.05,53,286227,2
1,130,9,900,0.22,71,286226,2
1,131,33,3300,0.82,71,286226,1
1,132,5,500,0.12,19,286227,1
1,133,24,2400,0.59,19,286227,2
1,134,46,4600,1.14,19,286227,3
1,135,10,1000,0.25,19,286227,4
1,136,3,300,0.07,71,286227,4
1,137,1,100,0.02,53,286227,3
1,138,46,4600,1.14,71,286254,2
1,139,6,600,0.15,71,286254,3
1,140,126,12600,3.11,21,286254,3
1,141,6,600,0.15,71,286227,3
1,142,40,4000,0.99,21,286254,4
1,143,153,15300,3.78,41,286307,1
1,144,12,1200,0.3,19,286307,1
1,145,4,400,0.1,71,286227,2
1,146,12,1200,0.3,71,286254,1
1,147,4,400,0.1,19,286307,2
1,148,2,200,0.05,71,286226,3
1,149,6,600,0.15,19,286307,3
1,150,1509,150900,37.29,41,286226,3
1,151,1033,103300,25.53,41,286226,2
1,152,14,1400,0.35,19,286255,3
1,153,24,2400,0.59,19,286254,2
1,154,46,4600,1.14,19,286254,3
1,155,2,200,0.05,71,286284,1
1,156,326,32600,8.06,41,286226,1
1,157,11,1100,0.27,19,286255,4
1,158,2140,214000,52.88,41,286284,2
1,159,1467,146700,36.25,41,286284,3
1,160,1250,125000,30.89,41,286226,4
1,161,5,500,0.12,19,286255,2
1,162,1,100,0.02,19,286255,1
1,163,6,600,0.15,19,286254,1
1,164,1682,168200,41.56,41,286284,1
1,165,59,5900,1.46,41,286307,4
1,166,430,43000,10.63,21,286226,2
1,167,329,32900,8.13,21,286226,3
1,168,315,31500,7.78,21,286226,1
1,175,957,95700,23.65,41,286284,4
1,183,893,89300,22.07,43,286214,3
1,186,715,71500,17.67,43,286214,2
1,187,295,29500,7.29,43,286214,1
1,188,152,15200,3.76,21,286226,4
1,196,1109,110900,27.4,43,286214,4
1,199,94,9400,2.32,55,286226,4
1,203,39,3900,0.96,55,286226,3
1,206,31,3100,0.77,55,286226,1
1,211,32,3200,0.79,55,286226,2
1,215,55,5500,1.36,43,2519931,3
1,217,590,59000,14.58,43,2519931,1
1,218,180,18000,4.45,43,2519931,2
1,224,76,7600,1.88,41,286305,3
1,225,22,2200,0.54,41,286305,4
1,227,107,10700,2.64,41,286305,2
1,228,99,9900,2.45,41,286305,1
1,232,40,4000,0.99,43,2519931,4
1,234,925,92500,22.86,91,2519931,1
1,236,13,1300,0.32,91,286296,1
1,237,9,900,0.22,91,286226,1
1,242,92,9200,2.27,41,286225,2
1,245,175,17500,4.32,41,286225,3
1,246,24,2400,0.59,41,286225,1
1,249,23,2300,0.57,91,2519931,2
1,250,413,41300,10.21,41,286225,4
1,253,85,8500,2.1,43,286225,1
1,256,423,42300,10.45,41,286229,4
1,257,489,48900,12.08,43,286225,3
1,258,241,24100,5.96,43,286225,2
1,263,230,23000,5.68,41,286229,3
1,264,1155,115500,28.54,43,286225,4
1,265,96,9600,2.37,41,286229,2
1,266,84,8400,2.08,20,286225,4
1,267,99,9900,2.45,20,286225,3
1,269,80,8000,1.98,20,286225,2
1,271,50,5000,1.24,20,286225,1
1,272,6,600,0.15,91,2519931,3
1,277,25,2500,0.62,33,286229,4
1,284,255,25500,6.3,43,286229,2
1,285,37,3700,0.91,20,286229,4
1,287,931,93100,23.01,43,286212,3
1,288,810,81000,20.02,43,286212,2
1,289,67,6700,1.66,43,286229,1
1,290,646,64600,15.96,43,286229,3
1,291,329,32900,8.13,41,286296,3
1,292,16,1600,0.4,33,286229,3
1,296,3,300,0.07,19,286229,1
1,297,3,300,0.07,19,286229,2
1,298,423,42300,10.45,41,286296,4
1,299,3,300,0.07,33,286229,2
1,301,429,42900,10.6,43,286212,1
1,302,1184,118400,29.26,43,286229,4
1,303,5,500,0.12,19,286229,4
1,304,1,100,0.02,19,286229,3
1,305,74,7400,1.83,19,286226,3
1,306,22,2200,0.54,41,286229,1
1,307,31,3100,0.77,20,286229,3
1,308,13,1300,0.32,41,286214,1
1,309,19,1900,0.47,41,286214,2
1,310,19,1900,0.47,20,286214,2
1,311,28,2800,0.69,20,286214,3
1,312,4,400,0.1,19,286296,3
1,313,93,9300,2.3,19,286226,2
1,314,98,9800,2.42,41,286297,3
1,315,16,1600,0.4,20,286214,1
1,316,21,2100,0.52,20,286214,4
1,320,79,7900,1.95,43,286313,2
1,321,2,200,0.05,91,286212,3
1,322,51,5100,1.26,19,286226,4
1,323,88,8800,2.17,19,286226,1
1,324,96,9600,2.37,41,286297,2
1,325,20,2000,0.49,41,286214,3
1,326,110,11000,2.72,43,286313,1
1,327,21,2100,0.52,91,286212,1
1,328,6,600,0.15,91,286212,2
1,329,39,3900,0.96,21,286296,3
1,330,188,18800,4.65,20,286227,4
1,331,47,4700,1.16,20,286296,4
1,332,40,4000,0.99,43,286297,2
1,333,4,400,0.1,20,286297,3
1,335,19,1900,0.47,43,286313,3
1,336,36,3600,0.89,20,286296,3
1,337,30,3000,0.74,41,286297,1
1,338,3,300,0.07,20,286297,4
1,342,25,2500,0.62,21,286296,2
1,343,34,3400,0.84,21,286296,4
1,344,94,9400,2.32,20,286227,3
1,345,66,6600,1.63,21,286214,1
1,352,12,1200,0.3,21,286296,1
1,353,4,400,0.1,91,286241,2
1,354,9,900,0.22,21,286241,2
1,355,60,6000,1.48,43,286241,1
1,356,27,2700,0.67,20,286227,2
1,357,20,2000,0.49,41,286297,4
1,358,14,1400,0.35,41,286214,4
1,359,102,10200,2.52,21,286214,2
1,360,154,15400,3.81,21,286214,3
1,361,18,1800,0.44,21,286225,4
1,364,16,1600,0.4,21,286241,3
1,365,91,9100,2.25,43,286241,3
1,366,2,200,0.05,21,2519931,3
1,367,393,39300,9.71,20,286226,4
1,368,53,5300,1.31,21,286214,4
1,371,9,900,0.22,21,286241,1
1,372,6,600,0.15,21,286241,4
1,373,365,36500,9.02,43,286241,4
1,374,13,1300,0.32,21,286297,4
1,375,2,200,0.05,21,2519931,2
1,376,22,2200,0.54,21,286297,3
1,379,3,300,0.07,11,286313,1
1,380,5,500,0.12,11,286313,2
1,381,2,200,0.05,11,286313,3
1,382,2,200,0.05,43,286313,4
1,383,1,100,0.02,21,2519931,1
1,392,64,6400,1.58,43,286241,2
1,395,604,60400,14.93,43,286212,4
1,396,1,100,0.02,11,286212,3
1,397,98,9800,2.42,21,286212,2
1,398,7,700,0.17,91,286241,4
1,403,25,2500,0.62,21,286313,1
1,404,22,2200,0.54,21,286313,2
1,405,67,6700,1.66,21,286212,3
1,408,3,300,0.07,21,286313,3
1,409,51,5100,1.26,21,286212,4
1,410,1,100,0.02,91,2519931,4
1,411,51,5100,1.26,21,286212,1
1,412,350,35000,8.65,43,286234,3
1,413,1,100,0.02,91,286234,3
1,414,3,300,0.07,91,286241,3
1,415,10,1000,0.25,82,286254,1
1,416,15,1500,0.37,21,286297,2
1,417,327,32700,8.08,43,286234,2
1,418,1,100,0.02,91,286234,2
1,419,129,12900,3.19,82,286233,1
1,420,66,6600,1.63,82,286233,2
1,421,11,1100,0.27,43,286297,4
1,423,365,36500,9.02,43,286234,4
1,424,139,13900,3.43,43,286234,1
1,425,2,200,0.05,82,286241,2
1,426,4,400,0.1,82,286254,2
1,427,36,3600,0.89,43,286297,3
1,428,2,200,0.05,82,286241,3
1,429,19,1900,0.47,82,286227,3
1,430,50,5000,1.24,82,286234,2
1,431,54,5400,1.33,82,286227,2
1,432,2,200,0.05,21,286297,1
1,433,34,3400,0.84,19,286212,1
1,434,40,4000,0.99,82,286234,1
1,435,17,1700,0.42,82,286227,1
1,436,36,3600,0.89,19,286212,4
1,437,50,5000,1.24,19,286212,3
1,438,31,3100,0.77,19,286212,2
1,439,535,53500,13.22,43,2519932,3
1,440,3,300,0.07,21,2519931,4
1,441,4,400,0.1,82,286233,3
1,442,605,60500,14.95,43,2519932,4
1,443,757,75700,18.71,43,2519932,2
1,444,2724,272400,67.31,43,2519932,1
1,445,17,1700,0.42,82,286212,2
1,446,15,1500,0.37,82,286212,3
1,447,795,79500,19.64,43,286255,4
1,448,489,48900,12.08,43,286255,3
1,449,76,7600,1.88,43,286255,1
1,450,392,39200,9.69,43,286255,2
1,451,12,1200,0.3,20,286255,1
1,452,35,3500,0.86,20,286255,2
1,453,9,900,0.22,82,286212,1
1,454,13,1300,0.32,82,286212,4
1,455,16,1600,0.4,20,286255,4
1,456,150,15000,3.71,43,286307,4
1,457,186,18600,4.6,82,2399595,1
1,458,127,12700,3.14,82,2399595,2
1,459,223,22300,5.51,43,286307,2
1,460,220,22000,5.44,43,286307,3
1,461,243,24300,6.0,43,286307,1
1,462,25,2500,0.62,20,286255,3
1,463,34,3400,0.84,43,2399595,1
1,464,39,3900,0.96,43,2399595,2
1,465,10,1000,0.25,82,2399595,3
1,466,2,200,0.05,82,2399595,4
1,470,25,2500,0.62,82,286226,1
1,471,29,2900,0.72,21,286255,4
1,472,15,1500,0.37,21,286255,2
1,473,108,10800,2.67,82,286262,1
1,474,66,6600,1.63,82,286262,2
1,475,2,200,0.05,82,286262,3
1,476,13,1300,0.32,21,286255,3
1,477,6,600,0.15,21,286255,1
1,478,67,6700,1.66,11,286284,1
1,479,1,100,0.02,11,286262,1
1,480,249,24900,6.15,43,286256,4
1,481,30,3000,0.74,53,286214,3
1,482,23,2300,0.57,43,286256,3
1,483,25,2500,0.62,53,286214,2
1,484,12,1200,0.3,53,286214,1
1,488,19,1900,0.47,43,2399595,3
1,491,4,400,0.1,53,286214,4
1,493,213,21300,5.26,43,286298,2
1,494,185,18500,4.57,43,286298,1
1,496,177,17700,4.37,43,286298,3
1,498,125,12500,3.09,21,286227,2
1,499,3,300,0.07,43,2399595,4
1,501,252,25200,6.23,21,286227,4
1,502,148,14800,3.66,21,286227,3
1,503,3,300,0.07,41,2519932,4
1,504,309,30900,7.64,43,286298,4
1,505,12,1200,0.3,19,286296,4
1,506,21,2100,0.52,41,2519932,2
1,507,50,5000,1.24,21,286227,1
1,508,4,400,0.1,19,286296,2
1,509,220,22000,5.44,41,286296,2
1,512,10,1000,0.25,19,286214,2
1,513,7,700,0.17,19,286214,3
1,514,25,2500,0.62,19,286214,4
1,515,5,500,0.12,41,2519932,3
1,519,1,100,0.02,19,286214,1
1,521,98,9800,2.42,41,2519932,1
1,532,4,400,0.1,43,286256,2
1,577,4,400,0.1,21,286225,2
1,578,1,100,0.02,21,286225,1
1,589,3,300,0.07,21,286225,3
1,590,306,30600,7.56,43,286311,2
1,591,311,31100,7.68,43,286311,1
1,606,28,2800,0.69,20,286311,3
1,607,56,5600,1.38,20,286311,2
1,608,35,3500,0.86,20,286311,1
1,611,56,5600,1.38,43,286311,3
1,620,75,7500,1.85,41,286240,3
1,621,109,10900,2.69,41,286240,4
1,622,18,1800,0.44,91,2519932,1
1,623,8,800,0.2,91,2519932,2
1,632,1,100,0.02,91,2519932,4
1,635,44,4400,1.09,41,286296,1
1,656,80,8000,1.98,41,286244,4
1,657,8,800,0.2,41,286295,4
1,658,47,4700,1.16,41,286295,3
1,659,89,8900,2.2,41,286295,2
1,673,6,600,0.15,41,286244,2
1,674,108,10800,2.67,43,286223,1
1,678,179,17900,4.42,43,286223,2
1,679,56,5600,1.38,41,286223,2
1,681,191,19100,4.72,43,286223,3
1,682,21,2100,0.52,41,286295,1
1,683,138,13800,3.41,43,286223,4
1,685,6,600,0.15,41,286244,3
1,686,3,300,0.07,41,286228,4
1,687,31,3100,0.77,41,286223,1
1,693,20,2000,0.49,41,286223,3
1,694,99,9900,2.45,82,286223,2
1,695,82,8200,2.03,82,286295,1
1,696,53,5300,1.31,82,286295,2
1,701,4,400,0.1,82,286296,3
1,703,1,100,0.02,41,286244,1
1,704,15,1500,0.37,82,286255,2
1,707,320,32000,7.91,43,286288,1
1,708,48,4800,1.19,82,286223,3
1,713,245,24500,6.05,43,286288,2
1,717,14,1400,0.35,82,286255,3
1,718,119,11900,2.94,82,286252,2
1,721,2,200,0.05,82,286255,4
1,722,113,11300,2.79,82,286252,1
1,723,24,2400,0.59,82,286252,3
1,727,3,300,0.07,82,286255,1
1,731,205,20500,5.07,43,286288,3
1,735,233,23300,5.76,43,286244,4
1,740,56,5600,1.38,19,286264,1
1,742,43,4300,1.06,19,286264,2
1,747,153,15300,3.78,43,286288,4
1,753,5,500,0.12,19,286264,3
1,757,612,61200,15.12,43,286222,4
1,762,29,2900,0.72,41,286241,4
1,765,450,45000,11.12,43,286222,3
1,769,12,1200,0.3,41,286241,3
1,770,17,1700,0.42,41,286241,2
1,771,4,400,0.1,82,286226,3
1,774,4,400,0.1,41,286241,1
1,778,570,57000,14.08,43,286222,2
1,779,48,4800,1.19,20,286244,2
1,780,41,4100,1.01,20,286244,3
1,781,19,1900,0.47,20,286244,1
1,782,108,10800,2.67,43,286310,4
1,783,139,13900,3.43,43,286310,3
1,785,24,2400,0.59,20,286244,4
1,786,109,10900,2.69,43,286310,2
1,787,3,300,0.07,19,286312,1
1,790,45,4500,1.11,43,286310,1
1,791,447,44700,11.05,43,286222,1
1,792,15,1500,0.37,82,286234,3
1,795,25,2500,0.62,41,286240,2
1,796,10,1000,0.25,41,286240,1
1,797,8,800,0.2,43,286312,1
1,802,275,27500,6.8,81,286226,2
1,804,74,7400,1.83,81,286226,3
1,805,5,500,0.12,82,286226,2
1,813,30,3000,0.74,20,286296,2
1,814,4,400,0.1,43,286252,1
1,827,6,600,0.15,11,286284,2
1,889,34,3400,0.84,43,286221,2
1,890,202,20200,4.99,43,286221,4
1,891,6,600,0.15,43,286265,1
1,893,13,1300,0.32,43,286221,1
1,894,79,7900,1.95,43,286221,3
1,897,2,200,0.05,33,286264,4
1,899,2,200,0.05,43,286204,1
1,900,19,1900,0.47,43,286204,2
1,901,8,800,0.2,43,286265,2
1,902,43,4300,1.06,43,286204,3
1,909,12,1200,0.3,21,286221,4
1,910,6,600,0.15,21,286221,3
1,911,9,900,0.22,20,286265,2
1,912,3,300,0.07,20,286265,1
1,917,64,6400,1.58,81,286264,1
1,918,5,500,0.12,20,286265,3
1,919,17,1700,0.42,81,286265,2
1,920,399,39900,9.86,41,286311,1
1,921,13,1300,0.32,43,286204,4
1,922,114,11400,2.82,81,286264,3
1,923,103,10300,2.55,81,286264,2
1,924,9,900,0.22,81,286265,3
1,927,1,100,0.02,81,286264,4
1,928,26,2600,0.64,81,286311,3
1,936,1,100,0.02,81,286265,1
1,937,34,3400,0.84,81,286311,2
1,938,27,2700,0.67,81,286311,1
1,950,55,5500,1.36,41,286221,4
1,951,11,1100,0.27,41,286221,2
1,955,1,100,0.02,41,286221,1
1,959,8,800,0.2,19,286221,2
1,962,22,2200,0.54,19,286221,4
1,963,2,200,0.05,19,286221,1
1,965,7,700,0.17,19,286221,3
1,966,110,11000,2.72,41,286311,2
1,968,58,5800,1.43,81,286229,3
1,969,14,1400,0.35,41,286221,3
1,971,48,4800,1.19,41,286311,3
1,975,19,1900,0.47,71,286222,4
1,978,53,5300,1.31,43,286283,3
1,979,33,3300,0.82,43,286283,4
1,980,2,200,0.05,71,286222,3
1,981,739,73900,18.26,43,286283,1
1,982,2,200,0.05,71,286222,1
1,983,2,200,0.05,71,286222,2
1,984,1,100,0.02,81,286229,2
1,985,129,12900,3.19,43,286283,2
1,986,35,3500,0.86,41,286311,4
1,994,4,400,0.1,81,286229,4
1,1010,43,4300,1.06,82,286223,1
1,1016,42,4200,1.04,20,286311,4
1,1022,8,800,0.2,82,286223,4
1,1037,31,3100,0.77,20,286284,4
1,1045,2,200,0.05,82,286288,4
1,1046,31,3100,0.77,43,286293,2
1,1051,9,900,0.22,43,286293,3
1,1052,46,4600,1.14,20,286284,3
1,1055,50,5000,1.24,43,286293,1
1,1058,61,6100,1.51,20,286284,2
1,1073,7,700,0.17,53,286296,3
1,1074,5,500,0.12,53,286296,2
1,1079,4,400,0.1,53,286296,4
1,1086,28,2800,0.69,43,286311,4
1,1091,2,200,0.05,11,286296,1
1,1092,4,400,0.1,20,286227,1
1,1097,1,100,0.02,11,286296,3
1,1098,2,200,0.05,11,286296,2
1,1112,42,4200,1.04,81,286225,2
1,1113,3,300,0.07,81,286288,2
1,1118,76,7600,1.88,81,286225,3
1,1125,29,2900,0.72,81,286225,1
1,1127,18,1800,0.44,21,286284,2
1,1128,12,1200,0.3,81,286226,4
1,1129,2,200,0.05,81,286227,3
1,1130,113,11300,2.79,81,286225,4
1,1131,2,200,0.05,81,286227,2
1,1134,13,1300,0.32,11,286225,1
1,1135,1,100,0.02,11,2519932,1
1,1136,2,200,0.05,11,286283,1
1,1137,262,26200,6.47,11,286303,1
1,1138,20,2000,0.49,11,286240,1
1,1140,204,20400,5.04,81,286226,1
1,1143,8,800,0.2,43,286303,1
1,1145,3,300,0.07,81,286227,1
1,1151,7,700,0.17,33,286296,4
1,1152,14,1400,0.35,43,286303,2
1,1153,33,3300,0.82,43,286208,2
1,1155,1,100,0.02,33,286296,2
1,1156,1,100,0.02,33,286296,3
1,1157,3,300,0.07,11,286284,4
1,1158,1,100,0.02,81,286227,4
1,1159,108,10800,2.67,81,286298,2
1,1160,19,1900,0.47,43,286208,4
1,1161,44,4400,1.09,43,286208,3
1,1164,21,2100,0.52,33,286284,4
1,1165,50,5000,1.24,81,286298,4
1,1166,83,8300,2.05,81,286298,3
1,1167,18,1800,0.44,11,286303,2
1,1168,16,1600,0.4,43,286208,1
1,1171,1,100,0.02,41,286220,1
1,1172,6,600,0.15,41,286220,2
1,1173,11,1100,0.27,41,286220,3
1,1174,10,1000,0.25,43,286303,3
1,1179,63,6300,1.56,33,286227,2
1,1180,26,2600,0.64,41,286220,4
1,1181,3,300,0.07,43,286303,4
1,1182,10,1000,0.25,11,286303,3
1,1183,2,200,0.05,11,286240,4
1,1184,2,200,0.05,11,286240,3
1,1190,3,300,0.07,20,286296,1
1,1191,4,400,0.1,20,286220,3
1,1192,30,3000,0.74,20,286220,4
1,1193,4,400,0.1,11,286240,2
1,1194,36,3600,0.89,43,286304,3
1,1195,74,7400,1.83,43,286304,2
1,1196,75,7500,1.85,43,286304,1
1,1199,2,200,0.05,20,286220,1
1,1200,97,9700,2.4,81,286298,1
1,1201,3,300,0.07,11,286304,2
1,1202,67,6700,1.66,81,286234,2
1,1203,163,16300,4.03,81,286254,2
1,1208,14,1400,0.35,33,286227,1
1,1209,2,200,0.05,20,286220,2
1,1210,4,400,0.1,81,286307,3
1,1211,42,4200,1.04,81,286234,1
1,1213,64,6400,1.58,81,286240,2
1,1214,40,4000,0.99,81,286240,1
1,1215,1,100,0.02,81,286307,2
1,1216,41,4100,1.01,81,286234,3
1,1221,64,6400,1.58,81,286240,3
1,1222,62,6200,1.53,43,286304,4
1,1229,2,200,0.05,11,286225,2
1,1230,14,1400,0.35,41,286234,1
1,1232,43,4300,1.06,81,286240,4
1,1239,2,200,0.05,11,286225,3
1,1240,17,1700,0.42,41,286298,4
1,1241,27,2700,0.67,41,286234,2
1,1244,10,1000,0.25,81,286254,4
1,1249,6,600,0.15,41,286298,3
1,1250,56,5600,1.38,81,286254,3
1,1254,89,8900,2.2,33,286225,4
1,1255,29,2900,0.72,20,286229,2
1,1258,6,600,0.15,33,286225,2
1,1259,21,2100,0.52,33,286225,3
1,1260,7,700,0.17,41,286298,2
1,1267,3,300,0.07,41,286298,1
1,1271,81,8100,2.0,33,286212,3
1,1272,2,200,0.05,41,286234,3
1,1273,15,1500,0.37,41,286242,2
1,1274,74,7400,1.83,81,286242,2
1,1275,148,14800,3.66,81,286242,3
1,1276,142,14200,3.51,81,286242,4
1,1280,16,1600,0.4,33,286212,4
1,1281,120,12000,2.97,41,286212,4
1,1282,222,22200,5.49,41,286212,3
1,1283,216,21600,5.34,41,286212,2
1,1284,28,2800,0.69,41,286212,1
1,1287,45,4500,1.11,33,286212,2
1,1288,16,1600,0.4,81,286282,2
1,1289,11,1100,0.27,81,286282,1
1,1290,10,1000,0.25,11,286298,1
1,1291,12,1200,0.3,11,286282,1
1,1292,2,200,0.05,11,286282,2
1,1293,25,2500,0.62,41,286242,3
1,1294,22,2200,0.54,43,286242,3
1,1295,3,300,0.07,81,286282,3
1,1296,4,400,0.1,43,286282,1
1,1297,8,800,0.2,82,286284,4
1,1298,2,200,0.05,43,286282,3
1,1299,35,3500,0.86,82,286240,4
1,1300,18,1800,0.44,82,286240,3
1,1302,82,8200,2.03,33,286211,4
1,1303,32,3200,0.79,82,286240,2
1,1304,2,200,0.05,11,286304,1
1,1305,24,2400,0.59,41,286242,4
1,1313,69,6900,1.71,33,286211,3
1,1314,1,100,0.02,43,286282,2
1,1321,99,9900,2.45,33,286211,2
1,1322,26,2600,0.64,82,286240,1
1,1323,15,1500,0.37,81,286242,1
1,1328,2,200,0.05,33,286225,1
1,1329,65,6500,1.61,33,286211,1
1,1335,43,4300,1.06,43,286211,4
1,1336,72,7200,1.78,43,286211,2
1,1337,88,8800,2.17,43,286211,3
1,1338,36,3600,0.89,43,286242,4
1,1339,30,3000,0.74,81,286233,3
1,1340,79,7900,1.95,81,286254,1
1,1346,89,8900,2.2,81,286233,2
1,1347,43,4300,1.06,81,286233,1
1,1356,179,17900,4.42,41,286211,2
1,1357,8,800,0.2,20,286298,3
1,1358,120,12000,2.97,19,286240,4
1,1363,109,10900,2.69,41,286211,1
1,1364,99,9900,2.45,41,286211,3
1,1365,32,3200,0.79,41,286211,4
1,1366,128,12800,3.16,20,286223,2
1,1367,120,12000,2.97,20,286223,3
1,1368,77,7700,1.9,20,286223,4
1,1369,52,5200,1.28,19,286240,3
1,1389,12,1200,0.3,33,286254,4
1,1390,9,900,0.22,33,286284,3
1,1391,13,1300,0.32,20,286298,4
1,1392,1,100,0.02,20,286298,2
1,1404,5,500,0.12,53,286284,2
1,1405,3,300,0.07,23,286254,2
1,1406,2,200,0.05,23,286255,3
1,1407,13,1300,0.32,71,286229,4
1,1408,2,200,0.05,81,286233,4
1,1421,1,100,0.02,33,286254,3
1,1422,15,1500,0.37,33,286284,2
1,1423,3,300,0.07,23,286254,3
1,1424,9,900,0.22,43,286242,2
1,1425,3,300,0.07,43,286242,1
1,1438,14,1400,0.35,71,286229,3
1,1439,21,2100,0.52,71,286229,2
1,1440,10,1000,0.25,71,286229,1
1,1455,3,300,0.07,33,286284,1
1,1465,42,4200,1.04,19,286240,2
1,1466,1,100,0.02,19,286284,4
1,1474,7,700,0.17,82,286298,4
1,1475,2,200,0.05,81,286284,4
1,1488,12,1200,0.3,41,286210,3
1,1489,39,3900,0.96,41,286210,2
1,1490,43,4300,1.06,41,286210,1
1,1491,1,100,0.02,71,286226,4
1,1492,33,3300,0.82,19,286240,1
1,1493,105,10500,2.59,81,286250,4
1,1500,5,500,0.12,53,286255,3
1,1501,5,500,0.12,53,286255,2
1,1502,13,1300,0.32,82,286298,3
1,1503,26,2600,0.64,82,286298,2
1,1504,55,5500,1.36,41,286250,4
1,1514,7,700,0.17,82,286270,1
1,1515,54,5400,1.33,82,286210,2
1,1516,131,13100,3.24,82,286210,1
1,1517,6,600,0.15,82,286210,3
1,1518,7,700,0.17,82,286284,1
1,1519,47,4700,1.16,20,286223,1
1,1520,29,2900,0.72,82,286298,1
1,1521,8,800,0.2,19,286298,1
1,1522,54,5400,1.33,41,286250,3
1,1538,10,1000,0.25,82,286284,2
1,1539,31,3100,0.77,41,286250,2
1,1540,335,33500,8.28,81,286250,3
1,1541,3,300,0.07,81,286284,3
1,1555,19,1900,0.47,82,286284,3
1,1556,3,300,0.07,19,286303,3
1,1569,82,8200,2.03,82,286253,2
1,1570,34,3400,0.84,82,286253,1
1,1571,6,600,0.15,41,286253,2
1,1572,11,1100,0.27,53,286307,3
1,1573,2,200,0.05,55,286254,3
1,1574,2,200,0.05,55,286254,2
1,1575,1,100,0.02,19,286298,2
1,1576,4,400,0.1,55,286223,1
1,1586,8,800,0.2,82,286253,3
1,1587,62,6200,1.53,82,286307,2
1,1588,6,600,0.15,55,286307,4
1,1589,10,1000,0.25,55,286307,2
1,1590,1,100,0.02,55,286254,1
1,1591,5,500,0.12,19,286250,4
1,1597,2,200,0.05,82,286211,3
1,1598,10,1000,0.25,55,286307,3
1,1599,4,400,0.1,55,286307,1
1,1600,38,3800,0.94,82,286250,4
1,1601,3,300,0.07,11,286284,3
1,1602,4,400,0.1,41,286233,1
1,1608,1,100,0.02,82,286270,2
1,1609,3,300,0.07,41,286253,3
1,1610,73,7300,1.8,82,286307,1
1,1611,17,1700,0.42,20,286229,1
1,1612,290,29000,7.17,81,286250,2
1,1613,4,400,0.1,41,286233,2
1,1617,71,7100,1.75,82,286211,1
1,1618,3,300,0.07,82,286307,3
1,1619,2,200,0.05,53,286307,2
1,1620,2,200,0.05,19,286250,3
1,1621,7,700,0.17,41,286233,3
1,1628,28,2800,0.69,82,286211,2
1,1629,248,24800,6.13,82,286250,3
1,1630,52,5200,1.28,24,286226,1
1,1631,6,600,0.15,24,286223,2
1,1632,10,1000,0.25,24,286223,1
1,1642,10,1000,0.25,24,286254,3
1,1643,1,100,0.02,24,286254,2
1,1644,12,1200,0.3,21,286233,3
1,1645,41,4100,1.01,24,286226,2
1,1656,1,100,0.02,24,286307,2
1,1657,102,10200,2.52,24,286306,3
1,1658,44,4400,1.09,24,286211,4
1,1659,35,3500,0.86,24,286211,3
1,1660,1,100,0.02,24,286284,3
1,1661,1,100,0.02,24,286284,4
1,1662,27,2700,0.67,20,286284,1
1,1663,103,10300,2.55,81,286250,1
1,1664,8,800,0.2,41,286233,4
1,1680,1,100,0.02,24,286307,3
1,1681,1,100,0.02,24,286307,1
1,1682,25,2500,0.62,24,286306,1
1,1683,53,5300,1.31,24,286306,2
1,1684,15,1500,0.37,24,286306,4
1,1685,27,2700,0.67,24,286211,2
1,1686,210,21000,5.19,82,286250,2
1,1687,5,500,0.12,21,286250,2
1,1688,22,2200,0.54,21,286250,3
1,1689,50,5000,1.24,21,286250,4
1,1690,4,400,0.1,21,286233,2
1,1691,2,200,0.05,24,286223,3
1,1700,1,100,0.02,24,286307,4
1,1701,56,5600,1.38,21,286223,2
1,1702,63,6300,1.56,21,286223,3
1,1703,2,200,0.05,24,286226,3
1,1713,37,3700,0.91,20,286211,4
1,1714,51,5100,1.26,21,286223,1
1,1715,5,500,0.12,41,286242,1
1,1716,3,300,0.07,21,286233,4
1,1730,5,500,0.12,41,286306,4
1,1731,19,1900,0.47,20,286211,3
1,1732,12,1200,0.3,21,286223,4
1,1733,10,1000,0.25,21,286240,3
1,1750,17,1700,0.42,21,286240,4
1,1769,27,2700,0.67,24,286211,1
1,1785,1,100,0.02,21,286253,1
1,1786,13,1300,0.32,21,286284,3
1,1787,4,400,0.1,21,286293,4
1,1795,8,800,0.2,21,286307,1
1,1796,29,2900,0.72,21,286307,2
1,1797,2,200,0.05,20,286211,2
1,1798,9,900,0.22,21,286284,1
1,1799,17,1700,0.42,21,286293,3
1,1800,21,2100,0.52,21,286293,2
1,1801,9,900,0.22,41,286250,1
1,1809,8,800,0.2,21,286307,3
1,1810,70,7000,1.73,41,286306,3
1,1811,1,100,0.02,21,286240,2
1,1812,10,1000,0.25,21,286293,1
1,1822,113,11300,2.79,41,286306,2
1,1831,19,1900,0.47,20,286295,1
1,1832,2,200,0.05,20,286295,2
1,1833,1,100,0.02,20,286295,3
1,1834,30,3000,0.74,23,286226,4
1,1835,38,3800,0.94,23,286226,3
1,1836,16,1600,0.4,23,286250,3
1,1837,65,6500,1.61,82,286250,1
1,1846,40,4000,0.99,41,286306,1
1,1847,10,1000,0.25,23,286226,2
1,1848,11,1100,0.27,23,286250,2
1,1859,7,700,0.17,82,286295,3
1,1860,2,200,0.05,82,286229,3
1,1861,4,400,0.1,43,286293,4
1,1862,1,100,0.02,41,286293,3
1,1869,102,10200,2.52,20,286306,2
1,1870,18,1800,0.44,20,286306,1
1,1871,30,3000,0.74,20,286306,3
1,1872,4,400,0.1,20,286306,4
1,1873,3,300,0.07,43,286306,4
1,1874,7,700,0.17,82,286229,1
1,1875,5,500,0.12,82,286229,2
1,1876,4,400,0.1,23,286250,1
1,1877,5,500,0.12,81,286293,3
1,1878,1,100,0.02,41,286293,2
1,1886,4,400,0.1,43,286306,3
1,1887,58,5800,1.43,81,286293,1
1,1888,3,300,0.07,41,286293,1
1,1889,7,700,0.17,81,286284,1
1,1900,2,200,0.05,43,286306,2
1,1901,1,100,0.02,81,286293,2
1,1902,23,2300,0.57,41,286287,1
1,1907,7,700,0.17,53,286226,3
1,1930,15,1500,0.37,61,286223,1
1,1931,2,200,0.05,23,286226,1
1,1949,24,2400,0.59,61,286223,2
1,1950,1,100,0.02,24,286296,4
1,1951,1,100,0.02,81,2519932,2
1,1957,1,100,0.02,81,2519932,1
1,1958,6,600,0.15,41,286287,2
1,1967,1,100,0.02,81,286287,1
1,1978,1,100,0.02,81,286296,4
1,1979,293,29300,7.24,43,286287,1
1,1980,1,100,0.02,41,286287,3
1,1981,1,100,0.02,81,286287,2
1,1986,12,1200,0.3,81,286296,2
1,1987,14,1400,0.35,81,286296,3
1,1988,109,10900,2.69,43,286287,2
1,1989,67,6700,1.66,43,286287,3
1,1998,46,4600,1.14,43,286295,1
1,2007,1,100,0.02,81,286287,4
1,2015,37,3700,0.91,43,286287,4
1,2052,3,300,0.07,53,286226,4
1,2066,16,1600,0.4,43,286295,3
1,2071,32,3200,0.79,43,286295,2
1,2157,115,11500,2.84,20,286240,4
1,2158,84,8400,2.08,20,286240,3
1,2168,75,7500,1.85,20,286240,2
1,2181,1,100,0.02,11,286298,2
1,2189,43,4300,1.06,20,286222,1
1,2190,17,1700,0.42,20,286222,2
1,2216,6,600,0.15,20,286222,3
1,2217,5,500,0.12,11,286222,2
1,2218,12,1200,0.3,11,286222,1
1,2222,38,3800,0.94,20,286240,1
1,2343,17,1700,0.42,20,286212,1
1,2357,231,23100,5.71,43,286213,2
1,2362,34,3400,0.84,20,286212,2
1,2363,101,10100,2.5,43,286213,3
1,2389,30,3000,0.74,20,286212,3
1,2390,83,8300,2.05,43,286213,1
1,2404,158,15800,3.9,21,286210,2
1,2405,56,5600,1.38,43,286210,3
1,2417,374,37400,9.24,43,286210,2
1,2418,186,18600,4.6,21,286210,1
1,2419,242,24200,5.98,43,286210,1
1,2435,26,2600,0.64,21,286210,3
1,2444,35,3500,0.86,43,286213,4
1,2452,2,200,0.05,20,286212,4
1,2453,58,5800,1.43,19,286213,2
1,2460,20,2000,0.49,19,286213,1
1,2461,13,1300,0.32,19,286254,4
1,2464,20,2000,0.49,19,286213,3
1,2465,12,1200,0.3,21,286213,3
1,2471,23,2300,0.57,19,286213,4
1,2472,3,300,0.07,21,286213,4
1,2473,5,500,0.12,21,286213,2
1,2474,16,1600,0.4,20,286241,4
1,2475,3,300,0.07,20,286241,3
1,2481,1,100,0.02,20,286241,1
1,2484,4,400,0.1,41,286213,4
1,2485,6,600,0.15,41,286213,3
1,2492,5,500,0.12,41,286213,2
1,2493,18,1800,0.44,33,286210,1
1,2494,7,700,0.17,33,286210,2
1,2504,2,200,0.05,43,286305,3
1,2505,1,100,0.02,33,286212,1
1,2507,14,1400,0.35,41,286213,1
1,2508,6,600,0.15,21,286213,1
1,2521,3,300,0.07,43,286305,2
1,2531,6,600,0.15,43,286305,1
1,2573,3,300,0.07,21,286210,4
1,2586,12,1200,0.3,43,286210,4
1,2626,21,2100,0.52,19,286241,4
1,2637,21,2100,0.52,19,286269,4
1,2648,2,200,0.05,19,286241,3
1,2649,9,900,0.22,19,286269,2
1,2650,9,900,0.22,19,286269,1
1,2651,10,1000,0.25,81,286269,1
1,2662,1,100,0.02,19,286241,2
1,2663,5,500,0.12,19,286269,3
1,2681,4,400,0.1,43,286269,1
1,2701,8,800,0.2,11,286241,1
1,2712,1,100,0.02,11,286241,2
1,2747,1,100,0.02,11,286241,3
2,169,128,12800,3.16,41,286227,2
2,170,191,19100,4.72,41,286227,3
2,171,478,47800,11.81,41,286255,3
2,172,531,53100,13.12,41,286255,4
2,173,64,6400,1.58,21,286226,1
2,174,535,53500,13.22,41,286227,4
2,176,694,69400,17.15,43,286226,1
2,177,1081,108100,26.71,43,286226,2
2,178,445,44500,11.0,43,286227,3
2,179,904,90400,22.34,43,286227,4
2,180,185,18500,4.57,41,286255,2
2,181,570,57000,14.08,43,286226,3
2,182,33,3300,0.82,21,286227,2
2,184,15,1500,0.37,21,286227,1
2,185,1437,143700,35.51,41,286214,4
2,189,63,6300,1.56,21,286226,2
2,190,38,3800,0.94,21,286227,4
2,191,41,4100,1.01,21,286226,3
2,192,29,2900,0.72,21,286227,3
2,193,776,77600,19.18,41,286214,1
2,194,1264,126400,31.23,41,286214,2
2,195,1093,109300,27.01,41,286214,3
2,197,14,1400,0.35,21,286226,4
2,198,171,17100,4.23,43,286226,4
2,200,18,1800,0.44,21,286214,2
2,201,20,2000,0.49,21,286214,3
2,202,8,800,0.2,21,286214,4
2,204,14,1400,0.35,21,286214,1
2,205,31,3100,0.77,41,286255,1
2,207,237,23700,5.86,43,286214,3
2,208,195,19500,4.82,43,286214,4
2,209,237,23700,5.86,43,286227,2
2,210,212,21200,5.24,43,286214,2
2,212,215,21500,5.31,43,286254,2
2,213,51,5100,1.26,41,286227,1
2,214,453,45300,11.19,41,286254,1
2,216,582,58200,14.38,41,286226,3
2,219,181,18100,4.47,43,286254,1
2,220,564,56400,13.94,41,286226,1
2,221,928,92800,22.93,41,286226,2
2,222,1122,112200,27.73,41,286307,2
2,223,838,83800,20.71,41,286307,1
2,226,268,26800,6.62,43,286214,1
2,229,61,6100,1.51,43,286227,1
2,230,768,76800,18.98,41,286254,2
2,231,194,19400,4.79,43,286307,1
2,233,155,15500,3.83,41,286254,3
2,235,843,84300,20.83,41,286307,3
2,238,198,19800,4.89,43,286307,2
2,239,1,100,0.02,21,286254,1
2,240,1443,144300,35.66,41,2519932,1
2,241,249,24900,6.15,41,2519932,2
2,243,5,500,0.12,21,286254,2
2,244,444,44400,10.97,41,286307,4
2,247,120,12000,2.97,41,2519932,3
2,248,115,11500,2.84,43,286307,3
2,251,41,4100,1.01,43,286254,3
2,252,45,4500,1.11,43,286307,4
2,254,55,5500,1.36,43,286225,2
2,255,46,4600,1.14,41,2519932,4
2,259,32,3200,0.79,43,286225,1
2,260,72,7200,1.78,43,286225,3
2,261,68,6800,1.68,43,286225,4
2,262,433,43300,10.7,41,286226,4
2,268,4,400,0.1,20,286225,4
2,270,7,700,0.17,20,286225,3
2,273,1622,162200,40.08,41,286212,2
2,274,1358,135800,33.56,41,286212,3
2,275,718,71800,17.74,41,286212,4
2,276,2266,226600,55.99,41,286284,2
2,278,1312,131200,32.42,41,286212,1
2,279,643,64300,15.89,41,286284,4
2,280,1267,126700,31.31,41,286284,3
2,281,900,90000,22.24,41,286225,4
2,282,14,1400,0.35,77,286307,1
2,283,3221,322100,79.59,41,286284,1
2,286,612,61200,15.12,41,286225,3
2,293,463,46300,11.44,41,286225,2
2,294,43,4300,1.06,25,286212,2
2,295,7,700,0.17,77,286307,2
2,300,34,3400,0.84,25,286212,3
2,317,14,1400,0.35,25,286212,1
2,318,10,1000,0.25,25,286212,4
2,319,3,300,0.07,25,286307,4
2,334,1,100,0.02,25,286307,3
2,339,6,600,0.15,77,286307,3
2,340,7,700,0.17,77,286214,2
2,341,369,36900,9.12,43,286284,3
2,346,5,500,0.12,20,286307,4
2,347,51,5100,1.26,20,286307,3
2,348,132,13200,3.26,20,286307,2
2,349,1,100,0.02,77,2519932,1
2,350,6,600,0.15,77,2519932,2
2,351,612,61200,15.12,43,286284,2
2,362,11,1100,0.27,20,286212,3
2,363,1,100,0.02,77,2519932,3
2,369,24,2400,0.59,91,2519932,1
2,370,2,200,0.05,91,286307,1
2,377,1,100,0.02,91,286307,2
2,378,27,2700,0.67,41,286296,4
2,384,1,100,0.02,19,286225,3
2,385,2,200,0.05,19,286225,4
2,386,23,2300,0.57,19,286226,4
2,387,124,12400,3.06,19,286226,2
2,388,106,10600,2.62,19,286226,1
2,389,3,300,0.07,20,2519932,3
2,390,43,4300,1.06,41,286296,3
2,391,93,9300,2.3,41,286296,2
2,393,13,1300,0.32,19,286214,3
2,394,86,8600,2.13,41,286296,1
2,399,28,2800,0.69,19,286214,4
2,400,46,4600,1.14,19,286226,3
2,401,53,5300,1.31,20,286307,1
2,402,8,800,0.2,20,2519932,2
2,406,11,1100,0.27,19,286214,2
2,407,6,600,0.15,20,2519932,1
2,422,2,200,0.05,91,2519932,2
2,467,111,11100,2.74,41,286228,2
2,468,218,21800,5.39,41,286228,3
2,469,954,95400,23.57,41,286228,4
2,485,32,3200,0.79,20,286226,3
2,486,24,2400,0.59,20,286214,2
2,487,20,2000,0.49,20,286214,1
2,489,4,400,0.1,20,286226,4
2,490,299,29900,7.39,41,286225,1
2,492,11,1100,0.27,20,286214,3
2,495,5,500,0.12,20,286214,4
2,497,93,9300,2.3,20,286226,2
2,500,124,12400,3.06,20,286226,1
2,510,45,4500,1.11,43,286213,2
2,511,11,1100,0.27,43,286213,1
2,516,47,4700,1.16,43,286213,3
2,517,57,5700,1.41,20,286213,2
2,518,60,6000,1.48,20,286213,3
2,520,3,300,0.07,19,286214,1
2,522,18,1800,0.44,20,286213,4
2,523,35,3500,0.86,43,286213,4
2,524,835,83500,20.63,43,286284,1
2,525,17,1700,0.42,41,286254,4
2,526,1107,110700,27.35,43,286212,2
2,527,716,71600,17.69,43,286212,1
2,528,6,600,0.15,43,286255,1
2,529,42,4200,1.04,41,286213,3
2,530,35,3500,0.86,41,286213,4
2,531,808,80800,19.97,43,286212,3
2,533,11,1100,0.27,20,286254,3
2,534,12,1200,0.3,20,286254,2
2,535,44,4400,1.09,41,286213,2
2,536,251,25100,6.2,43,286212,4
2,537,228,22800,5.63,43,286255,4
2,538,112,11200,2.77,43,286255,3
2,539,34,3400,0.84,43,286255,2
2,540,21,2100,0.52,20,286254,1
2,541,57,5700,1.41,81,286226,1
2,542,35,3500,0.86,41,286213,1
2,543,6,600,0.15,20,286254,4
2,544,51,5100,1.26,81,286226,2
2,545,29,2900,0.72,81,286213,2
2,546,52,5200,1.28,81,286213,3
2,547,62,6200,1.53,20,286213,1
2,548,219,21900,5.41,41,286229,3
2,549,259,25900,6.4,41,286229,2
2,550,258,25800,6.38,41,286229,4
2,551,11,1100,0.27,81,286226,3
2,552,28,2800,0.69,19,286213,2
2,553,6,600,0.15,19,286213,1
2,554,47,4700,1.16,19,286213,3
2,555,4,400,0.1,19,286213,4
2,556,377,37700,9.32,43,286256,3
2,557,412,41200,10.18,43,286256,4
2,558,682,68200,16.85,41,286305,2
2,559,632,63200,15.62,41,286305,1
2,560,131,13100,3.24,41,286229,1
2,561,248,24800,6.13,43,286256,2
2,562,115,11500,2.84,43,286256,1
2,563,15,1500,0.37,82,286213,2
2,564,10,1000,0.25,82,286213,3
2,565,156,15600,3.85,43,286305,1
2,566,91,9100,2.25,43,286305,2
2,567,3,300,0.07,43,286254,4
2,568,128,12800,3.16,20,286305,1
2,569,13,1300,0.32,82,286305,2
2,570,2,200,0.05,82,286213,1
2,571,23,2300,0.57,53,286213,2
2,572,675,67500,16.68,41,286256,4
2,573,94,9400,2.32,82,286305,1
2,574,7,700,0.17,82,286305,3
2,575,24,2400,0.59,53,286213,3
2,576,2,200,0.05,53,286213,1
2,579,3,300,0.07,11,286305,2
2,580,588,58800,14.53,41,286256,2
2,582,6,600,0.15,11,286305,1
2,583,3,300,0.07,53,286213,4
2,584,1,100,0.02,81,286212,3
2,585,5,500,0.12,81,286212,2
2,586,314,31400,7.76,43,286284,4
2,587,786,78600,19.42,41,286256,3
2,592,776,77600,19.18,43,286311,1
2,593,22,2200,0.54,11,286284,1
2,594,38,3800,0.94,81,286213,4
2,595,22,2200,0.54,20,286212,1
2,597,161,16100,3.98,20,286311,1
2,598,2,200,0.05,81,286212,1
2,599,314,31400,7.76,41,286256,1
2,600,394,39400,9.74,41,286311,1
2,601,38,3800,0.94,20,286311,2
2,602,397,39700,9.81,43,286311,2
2,603,25,2500,0.62,20,286212,2
2,605,12,1200,0.3,20,286311,3
2,609,15,1500,0.37,82,286284,1
2,610,5,500,0.12,20,286212,4
2,612,15,1500,0.37,20,286284,1
2,613,21,2100,0.52,20,286284,2
2,614,207,20700,5.12,43,286280,1
2,616,375,37500,9.27,41,286305,3
2,619,54,5400,1.33,20,286280,1
2,624,256,25600,6.33,43,286280,2
2,625,50,5000,1.24,43,286297,3
2,626,31,3100,0.77,20,286280,3
2,627,44,4400,1.09,20,286280,2
2,628,48,4800,1.19,43,286297,2
2,629,21,2100,0.52,43,286305,3
2,630,14,1400,0.35,43,286297,4
2,631,46,4600,1.14,43,286297,1
2,633,768,76800,18.98,41,286297,1
2,636,1256,125600,31.04,41,286297,2
2,637,299,29900,7.39,41,286297,4
2,638,781,78100,19.3,41,286297,3
2,639,290,29000,7.17,43,286228,4
2,640,5,500,0.12,20,286280,4
2,642,54,5400,1.33,43,286280,3
2,649,91,9100,2.25,43,286228,1
2,651,144,14400,3.56,43,286228,2
2,652,190,19000,4.69,43,286228,3
2,654,50,5000,1.24,41,286280,2
2,655,60,6000,1.48,41,286280,1
2,660,3,300,0.07,43,286280,4
2,662,16,1600,0.4,53,286212,3
2,663,1,100,0.02,53,286225,3
2,664,33,3300,0.82,19,286212,1
2,665,31,3100,0.77,19,286212,2
2,666,10,1000,0.25,19,286212,3
2,667,18,1800,0.44,53,286212,2
2,668,9,900,0.22,41,286280,3
2,669,7,700,0.17,53,286225,2
2,670,5,500,0.12,53,286212,1
2,675,245,24500,6.05,43,286229,3
2,680,184,18400,4.55,43,286229,2
2,684,2,200,0.05,53,286225,1
2,688,114,11400,2.82,43,286296,3
2,689,20,2000,0.49,41,286228,1
2,691,174,17400,4.3,43,286296,4
2,692,136,13600,3.36,43,286296,2
2,697,57,5700,1.41,19,286296,3
2,698,148,14800,3.66,43,286296,1
2,702,15,1500,0.37,19,286296,4
2,705,54,5400,1.33,19,286296,2
2,706,1,100,0.02,19,286280,1
2,710,223,22300,5.51,43,286312,2
2,711,74,7400,1.83,19,286296,1
2,712,5,500,0.12,19,286284,2
2,714,93,9300,2.3,43,286312,1
2,715,10,1000,0.25,81,286312,2
2,719,2,200,0.05,19,286284,3
2,728,1,100,0.02,81,286312,1
2,732,21,2100,0.52,19,286312,1
2,733,27,2700,0.67,81,286284,2
2,734,86,8600,2.13,81,286284,1
2,736,29,2900,0.72,19,286312,2
2,737,4,400,0.1,81,286296,1
2,738,13,1300,0.32,81,286296,2
2,739,2,200,0.05,19,286312,3
2,741,1,100,0.02,19,286311,1
2,743,4,400,0.1,19,286264,1
2,744,485,48500,11.98,43,286264,1
2,745,6,600,0.15,81,286296,3
2,746,32,3200,0.79,43,286312,3
2,748,844,84400,20.86,43,286264,2
2,749,11,1100,0.27,81,286296,4
2,750,18,1800,0.44,81,286284,3
2,751,12,1200,0.3,81,286297,2
2,752,150,15000,3.71,41,286305,4
2,754,2,200,0.05,81,286297,1
2,755,3,300,0.07,81,286284,4
2,756,2,200,0.05,11,286304,1
2,758,1,100,0.02,11,286297,1
2,759,2,200,0.05,11,286304,2
2,760,2,200,0.05,11,286304,3
2,761,263,26300,6.5,41,286304,3
2,763,1,100,0.02,11,286297,2
2,764,1,100,0.02,11,286297,3
2,766,614,61400,15.17,41,286304,2
2,767,1117,111700,27.6,41,286304,1
2,768,38,3800,0.94,19,286256,2
2,772,221,22100,5.46,91,286284,1
2,773,11,1100,0.27,19,286256,1
2,775,1,100,0.02,91,286297,1
2,776,28,2800,0.69,19,286256,3
2,777,1,100,0.02,19,286297,2
2,784,8,800,0.2,19,286256,4
2,788,74,7400,1.83,43,286223,2
2,789,96,9600,2.37,43,286223,3
2,793,6,600,0.15,19,286284,1
2,794,3,300,0.07,19,286304,2
2,798,6,600,0.15,91,286284,2
2,799,1,100,0.02,91,286284,4
2,800,4,400,0.1,19,286304,3
2,801,1,100,0.02,91,286284,3
2,803,58,5800,1.43,81,286305,2
2,806,52,5200,1.28,43,286223,4
2,807,94,9400,2.32,41,286304,4
2,810,20,2000,0.49,81,286305,3
2,811,68,6800,1.68,81,286305,1
2,816,160,16000,3.95,43,286304,1
2,817,91,9100,2.25,43,286304,2
2,824,31,3100,0.77,20,286228,4
2,828,53,5300,1.31,41,286294,3
2,829,6,600,0.15,41,286294,4
2,831,5,500,0.12,20,286228,3
2,832,3,300,0.07,20,286228,2
2,833,3,300,0.07,20,286228,1
2,836,50,5000,1.24,43,286265,2
2,837,17,1700,0.42,41,286294,1
2,838,47,4700,1.16,41,286294,2
2,839,34,3400,0.84,43,286304,3
2,840,5,500,0.12,20,286305,4
2,841,3,300,0.07,41,286223,4
2,845,24,2400,0.59,43,286265,1
2,846,17,1700,0.42,41,286223,3
2,848,10,1000,0.25,43,286265,3
2,849,185,18500,4.57,81,286265,2
2,850,3,300,0.07,41,286223,2
2,851,35,3500,0.86,43,286294,4
2,852,22,2200,0.54,81,286264,1
2,853,55,5500,1.36,43,286294,3
2,854,4,400,0.1,19,286305,3
2,855,20,2000,0.49,19,286305,2
2,856,20,2000,0.49,19,286305,1
2,859,105,10500,2.59,43,286294,2
2,860,2,200,0.05,19,286305,4
2,863,8,800,0.2,41,286265,2
2,864,24,2400,0.59,41,286265,3
2,865,14,1400,0.35,20,286305,3
2,866,58,5800,1.43,20,286305,2
2,868,49,4900,1.21,81,286265,1
2,869,91,9100,2.25,43,286294,1
2,870,13,1300,0.32,81,286305,4
2,874,52,5200,1.28,81,286265,3
2,903,1,100,0.02,81,286311,2
2,904,3,300,0.07,81,286311,1
2,905,193,19300,4.77,41,286311,2
2,906,9,900,0.22,20,286294,2
2,907,2,200,0.05,20,286294,3
2,913,1,100,0.02,20,286265,1
2,914,2,200,0.05,20,286265,3
2,915,6,600,0.15,20,286294,1
2,946,13,1300,0.32,11,2519932,1
2,952,7,700,0.17,21,286304,3
2,953,5,500,0.12,21,286304,2
2,956,7,700,0.17,21,286304,1
2,960,6,600,0.15,21,286304,4
2,976,7,700,0.17,21,286284,1
2,987,268,26800,6.62,43,286311,3
2,988,2,200,0.05,21,286284,2
2,989,24,2400,0.59,21,286305,1
2,991,33,3300,0.82,21,286305,2
2,1002,31,3100,0.77,41,286311,3
2,1003,160,16000,3.95,43,286311,4
2,1023,11,1100,0.27,21,286305,3
2,1028,320,32000,7.91,43,286308,2
2,1029,1100,110000,27.18,41,286308,2
2,1030,879,87900,21.72,41,286308,3
2,1038,523,52300,12.92,41,286308,4
2,1039,780,78000,19.27,41,286308,1
2,1042,236,23600,5.83,43,286308,1
2,1047,4,400,0.1,41,286311,4
2,1048,316,31600,7.81,43,286252,1
2,1049,100,10000,2.47,43,286252,2
2,1056,123,12300,3.04,43,286264,4
2,1059,572,57200,14.13,43,286264,3
2,1061,278,27800,6.87,43,286308,3
2,1063,97,9700,2.4,21,286252,1
2,1067,41,4100,1.01,21,286252,2
2,1076,5,500,0.12,21,286252,3
2,1080,127,12700,3.14,43,286308,4
2,1081,4,400,0.1,43,286252,3
2,1106,377,37700,9.32,41,286252,1
2,1132,131,13100,3.24,41,286252,2
2,1142,39,3900,0.96,41,286252,3
2,1162,19,1900,0.47,41,286252,4
2,1175,109,10900,2.69,20,286252,1
2,1185,1,100,0.02,53,286304,1
2,1186,168,16800,4.15,20,286252,2
2,1197,53,5300,1.31,53,286305,1
2,1198,84,8400,2.08,20,286252,3
2,1204,16,1600,0.4,53,286305,2
2,1205,2,200,0.05,53,286305,3
2,1206,26,2600,0.64,20,286252,4
2,1217,13,1300,0.32,43,286304,4
2,1238,51,5100,1.26,41,286264,3
2,1242,1,100,0.02,53,286252,3
2,1247,1,100,0.02,53,286252,2
2,1252,24,2400,0.59,20,286297,1
2,1262,89,8900,2.2,81,286252,2
2,1265,86,8600,2.13,81,286252,1
2,1268,16,1600,0.4,41,286264,4
2,1269,3,300,0.07,20,286297,2
2,1278,89,8900,2.2,41,286264,2
2,1286,23,2300,0.57,41,286264,1
2,1301,1,100,0.02,81,286304,3
2,1306,115,11500,2.84,81,286307,1
2,1307,44,4400,1.09,81,286307,3
2,1308,17,1700,0.42,11,286303,2
2,1315,152,15200,3.76,81,286307,2
2,1316,234,23400,5.78,11,286303,1
2,1317,3,300,0.07,81,286303,2
2,1331,30,3000,0.74,81,286252,3
2,1341,8,800,0.2,20,286304,4
2,1342,37,3700,0.91,81,286229,2
2,1343,14,1400,0.35,20,286229,1
2,1349,1,100,0.02,20,286304,3
2,1350,46,4600,1.14,20,286229,2
2,1360,12,1200,0.3,20,286308,3
2,1361,27,2700,0.67,20,286308,2
2,1371,17,1700,0.42,20,286308,1
2,1372,68,6800,1.68,20,286229,3
2,1373,35,3500,0.86,43,286229,1
2,1383,3,300,0.07,11,286252,2
2,1399,3,300,0.07,11,286303,3
2,1411,26,2600,0.64,81,286229,1
2,1412,33,3300,0.82,20,286229,4
2,1428,7,700,0.17,81,286307,4
2,1443,1,100,0.02,20,286308,4
2,1444,6,600,0.15,11,286307,2
2,1445,12,1200,0.3,81,286229,3
2,1479,1,100,0.02,11,286307,3
2,1494,186,18600,4.6,21,286229,4
2,1495,239,23900,5.91,21,286229,3
2,1523,393,39300,9.71,43,286229,4
2,1524,272,27200,6.72,21,286229,2
2,1547,1,100,0.02,11,286307,1
2,1548,1,100,0.02,11,286252,3
2,1558,8,800,0.2,81,286229,4
2,1559,142,14200,3.51,21,286229,1
2,1577,36,3600,0.89,41,286293,3
2,1578,26,2600,0.64,41,286293,4
2,1579,42,4200,1.04,41,286293,1
2,1593,36,3600,0.89,41,286293,2
2,1604,60,6000,1.48,81,286293,1
2,1614,16,1600,0.4,81,286293,4
2,1624,13,1300,0.32,81,286293,2
2,1635,43,4300,1.06,81,286293,3
2,1721,9,900,0.22,20,286284,3
2,1736,3,300,0.07,20,286284,4
2,1737,17,1700,0.42,21,286293,4
2,1738,15,1500,0.37,21,286293,3
2,1755,3,300,0.07,21,286293,1
2,1774,7,700,0.17,21,286293,2
2,1802,20,2000,0.49,21,286256,3
2,1817,50,5000,1.24,21,286256,2
2,1825,24,2400,0.59,21,286256,1
2,1904,6,600,0.15,20,286256,2
2,1920,9,900,0.22,20,286256,1
2,1952,11,1100,0.27,81,286234,4
2,1953,11,1100,0.27,81,286234,3
2,1969,7,700,0.17,24,286308,3
2,1970,4,400,0.1,24,286308,4
2,1971,33,3300,0.82,81,286234,2
2,1983,10,1000,0.25,81,286234,1
2,1991,6,600,0.15,24,286308,2
2,1992,44,4400,1.09,41,286234,3
2,1993,23,2300,0.57,41,286234,4
2,2000,5,500,0.12,24,286234,4
2,2001,184,18400,4.55,55,286234,3
2,2002,10,1000,0.25,55,286293,3
2,2003,262,26200,6.47,55,286234,2
2,2004,1,100,0.02,21,286234,1
2,2008,8,800,0.2,24,286234,3
2,2009,21,2100,0.52,55,286288,3
2,2010,6,600,0.15,55,286229,2
2,2016,10,1000,0.25,24,286234,2
2,2017,2,200,0.05,55,286293,2
2,2018,12,1200,0.3,55,286293,1
2,2019,66,6600,1.63,55,286288,1
2,2020,68,6800,1.68,55,286288,2
2,2021,4,400,0.1,82,286256,1
2,2029,1,100,0.02,24,286234,1
2,2030,6,600,0.15,55,286229,3
2,2041,28,2800,0.69,55,286234,4
2,2042,128,12800,3.16,55,286234,1
2,2043,11,1100,0.27,11,286288,1
2,2050,20,2000,0.49,41,286234,2
2,2051,2,200,0.05,11,286288,2
2,2054,9,900,0.22,41,286234,1
2,2057,1,100,0.02,55,286308,1
2,2058,16,1600,0.4,55,286302,1
2,2059,15,1500,0.37,55,286302,2
2,2060,6,600,0.15,55,286308,2
2,2067,5,500,0.12,41,286302,1
2,2078,19,1900,0.47,43,286234,3
2,2079,2,200,0.05,21,286256,4
2,2082,3,300,0.07,41,286302,2
2,2093,3,300,0.07,41,286302,3
2,2094,2,200,0.05,41,286302,4
2,2095,20,2000,0.49,41,286288,1
2,2103,1,100,0.02,41,286288,3
2,2104,13,1300,0.32,41,286288,2
2,2117,5,500,0.12,55,286302,3
2,2125,1,100,0.02,55,286229,4
2,2137,49,4900,1.21,55,286209,3
2,2138,13,1300,0.32,55,286209,4
2,2139,3,300,0.07,43,286209,4
2,2145,6,600,0.15,43,286209,3
2,2146,4,400,0.1,43,286209,2
2,2159,2,200,0.05,41,286209,3
2,2160,43,4300,1.06,55,286209,2
2,2169,7,700,0.17,41,286209,4
2,2170,25,2500,0.62,55,286209,1
2,2187,15,1500,0.37,55,286288,4
2,2191,2,200,0.05,11,286234,1
2,2198,2,200,0.05,41,286209,2
2,2252,10,1000,0.25,43,286234,2
2,2253,1,100,0.02,55,286226,2
2,2266,2,200,0.05,55,286226,3
2,2275,9,900,0.22,43,286234,4
2,2309,7,700,0.17,43,286234,1
3,581,805,80500,19.89,41,286212,1
3,588,93,9300,2.3,43,286212,1
3,596,740,74000,18.29,41,286307,1
3,604,13,1300,0.32,20,286307,1
3,615,11,1100,0.27,21,286212,1
3,617,33,3300,0.82,21,286212,2
3,618,7,700,0.17,21,286212,3
3,634,190,19000,4.69,41,286212,2
3,641,414,41400,10.23,41,286254,1
3,643,937,93700,23.15,41,286307,2
3,644,2034,203400,50.26,41,286284,2
3,645,2788,278800,68.89,41,286284,1
3,646,208,20800,5.14,41,286254,2
3,647,248,24800,6.13,41,286307,3
3,648,28,2800,0.69,81,286254,1
3,650,734,73400,18.14,41,286284,3
3,653,792,79200,19.57,41,286256,1
3,661,2,200,0.05,81,286254,2
3,671,788,78800,19.47,41,286256,2
3,672,3,300,0.07,81,286254,3
3,676,88,8800,2.17,41,286254,3
3,677,80,8000,1.98,41,286254,4
3,690,246,24600,6.08,41,286284,4
3,699,1920,192000,47.44,41,286308,1
3,700,98,9800,2.42,71,286254,2
3,709,9,900,0.22,71,286307,1
3,716,5,500,0.12,71,286254,1
3,720,1,100,0.02,71,286307,2
3,724,95,9500,2.35,71,286308,2
3,725,894,89400,22.09,41,286308,3
3,726,378,37800,9.34,41,286308,4
3,729,2327,232700,57.5,41,286308,2
3,730,30,3000,0.74,71,286308,1
3,808,41,4100,1.01,53,286308,3
3,809,26,2600,0.64,53,286308,2
3,812,2,200,0.05,53,286308,1
3,815,18,1800,0.44,81,286308,2
3,818,455,45500,11.24,41,286256,3
3,819,189,18900,4.67,21,286308,2
3,820,2,200,0.05,53,286308,4
3,821,329,32900,8.13,41,286256,4
3,822,129,12900,3.19,21,286308,1
3,823,106,10600,2.62,21,286308,3
3,825,4,400,0.1,81,286308,3
3,826,314,31400,7.76,41,286298,1
3,830,194,19400,4.79,41,286298,2
3,834,12,1200,0.3,41,286228,4
3,835,27,2700,0.67,21,286308,4
3,842,147,14700,3.63,21,286284,2
3,843,66,6600,1.63,21,286284,3
3,844,14,1400,0.35,41,286298,4
3,847,1,100,0.02,41,286228,3
3,857,293,29300,7.24,41,286297,3
3,858,40,4000,0.99,20,286256,3
3,861,774,77400,19.13,41,286297,2
3,862,176,17600,4.35,20,286297,3
3,867,367,36700,9.07,20,286297,2
3,871,481,48100,11.89,41,286297,1
3,872,351,35100,8.67,20,286297,1
3,873,35,3500,0.86,43,286308,2
3,875,29,2900,0.72,43,286308,3
3,876,39,3900,0.96,41,286298,3
3,877,19,1900,0.47,20,286297,4
3,878,25,2500,0.62,20,286256,4
3,879,1,100,0.02,21,286298,3
3,880,5,500,0.12,20,286256,2
3,881,10,1000,0.25,43,286308,4
3,882,25,2500,0.62,21,286284,4
3,883,24,2400,0.59,21,286256,4
3,884,104,10400,2.57,21,286256,3
3,885,157,15700,3.88,21,286256,1
3,886,69,6900,1.71,20,286284,2
3,887,17,1700,0.42,20,286284,3
3,888,237,23700,5.86,21,286256,2
3,892,84,8400,2.08,20,286284,1
3,895,8,800,0.2,20,286284,4
3,896,6,600,0.15,43,286308,1
3,898,368,36800,9.09,41,286305,2
3,908,323,32300,7.98,41,286305,1
3,925,102,10200,2.52,21,286305,1
3,929,168,16800,4.15,41,286305,3
3,930,218,21800,5.39,82,286305,1
3,931,99,9900,2.45,82,286305,2
3,939,21,2100,0.52,41,286305,4
3,940,81,8100,2.0,21,286305,2
3,941,29,2900,0.72,21,286297,1
3,942,45,4500,1.11,21,286297,2
3,954,6,600,0.15,21,286297,3
3,957,16,1600,0.4,82,286305,3
3,958,8,800,0.2,82,286305,4
3,964,89,8900,2.2,21,286284,1
3,990,20,2000,0.49,21,286305,3
3,992,14,1400,0.35,43,286256,1
3,996,33,3300,0.82,82,286284,1
3,997,654,65400,16.16,41,286289,1
3,998,576,57600,14.23,41,286289,2
3,999,1803,180300,44.55,41,286304,1
3,1000,227,22700,5.61,41,286304,3
3,1001,33,3300,0.82,43,286256,2
3,1004,742,74200,18.34,41,286304,2
3,1005,451,45100,11.14,41,286296,2
3,1006,261,26100,6.45,41,286296,3
3,1007,2,200,0.05,43,286256,3
3,1008,138,13800,3.41,41,286296,1
3,1011,68,6800,1.68,43,286296,1
3,1014,373,37300,9.22,21,286296,2
3,1015,167,16700,4.13,21,286296,1
3,1017,170,17000,4.2,21,286296,3
3,1018,153,15300,3.78,43,286296,2
3,1019,87,8700,2.15,41,286289,3
3,1020,20,2000,0.49,41,286304,4
3,1021,9,900,0.22,82,286284,2
3,1024,300,30000,7.41,82,286298,1
3,1025,103,10300,2.55,82,286298,2
3,1026,4,400,0.1,21,286254,2
3,1027,64,6400,1.58,43,286296,3
3,1031,12,1200,0.3,43,286305,1
3,1032,2,200,0.05,21,286254,4
3,1033,2,200,0.05,21,286254,3
3,1034,43,4300,1.06,21,286296,4
3,1043,1,100,0.02,82,286298,3
3,1044,8,800,0.2,43,286296,4
3,1050,137,13700,3.39,41,286296,4
3,1053,33,3300,0.82,43,286252,1
3,1054,16,1600,0.4,21,286252,1
3,1057,43,4300,1.06,82,286304,1
3,1064,17,1700,0.42,21,286252,2
3,1065,6,600,0.15,82,286304,2
3,1066,77,7700,1.9,20,286305,2
3,1068,2,200,0.05,43,286252,2
3,1069,56,5600,1.38,20,286305,1
3,1070,44,4400,1.09,20,286305,3
3,1071,3,300,0.07,43,286284,3
3,1072,1,100,0.02,43,286284,4
3,1077,4,400,0.1,11,286304,2
3,1078,2,200,0.05,11,286305,1
3,1082,7,700,0.17,20,286305,4
3,1083,2,200,0.05,11,286304,3
3,1084,51,5100,1.26,11,286304,1
3,1099,37,3700,0.91,41,286252,1
3,1101,62,6200,1.53,20,286298,3
3,1102,5,500,0.12,43,286289,2
3,1104,263,26300,6.5,20,286298,2
3,1105,5,500,0.12,21,286289,2
3,1107,434,43400,10.72,20,286298,1
3,1109,53,5300,1.31,20,286304,2
3,1116,9,900,0.22,41,286252,2
3,1119,52,5200,1.28,20,286304,1
3,1123,5,500,0.12,21,286252,3
3,1126,3,300,0.07,41,286252,3
3,1133,25,2500,0.62,20,286304,3
3,1139,3,300,0.07,21,286289,1
3,1169,2,200,0.05,43,286298,2
3,1176,7,700,0.17,43,286298,3
3,1187,8,800,0.2,43,286304,3
3,1218,69,6900,1.71,43,286304,2
3,1248,4,400,0.1,20,286304,4
3,1266,44,4400,1.09,81,286212,2
3,1270,303,30300,7.49,43,286304,1
3,1279,13,1300,0.32,81,286212,1
3,1318,80,8000,1.98,81,286307,1
3,1319,187,18700,4.62,81,286307,2
3,1325,6,600,0.15,11,286297,1
3,1332,1,100,0.02,11,286297,3
3,1333,4,400,0.1,11,286297,2
3,1374,57,5700,1.41,41,286307,4
3,1375,14,1400,0.35,81,286307,3
3,1384,9,900,0.22,43,286229,1
3,1385,23,2300,0.57,43,286297,1
3,1386,56,5600,1.38,43,286297,3
3,1394,2,200,0.05,20,286229,1
3,1395,109,10900,2.69,43,286297,2
3,1400,13,1300,0.32,20,286229,2
3,1401,48,4800,1.19,43,286229,2
3,1402,20,2000,0.49,81,286210,3
3,1413,14,1400,0.35,20,286229,3
3,1414,13,1300,0.32,19,286307,1
3,1415,8,800,0.2,19,286307,2
3,1429,3,300,0.07,20,286298,4
3,1430,10,1000,0.25,81,286210,2
3,1446,10,1000,0.25,81,286210,4
3,1458,3,300,0.07,19,286307,3
3,1459,27,2700,0.67,81,286210,1
3,1468,34,3400,0.84,43,286229,3
3,1480,48,4800,1.19,41,286297,4
3,1496,2,200,0.05,43,286229,4
3,1525,4,400,0.1,21,286229,3
3,1526,16,1600,0.4,81,286240,1
3,1527,22,2200,0.54,81,286240,2
3,1549,21,2100,0.52,21,286229,1
3,1550,19,1900,0.47,21,286229,2
3,1551,10,1000,0.25,81,286240,3
3,1560,2,200,0.05,81,286240,4
3,1561,13,1300,0.32,41,286240,3
3,1580,12,1200,0.3,41,286240,4
3,1581,12,1200,0.3,41,286240,2
3,1594,21,2100,0.52,41,286240,1
3,1605,3,300,0.07,41,286242,1
3,1615,32,3200,0.79,41,286229,2
3,1616,4,400,0.1,41,286242,2
3,1625,10,1000,0.25,81,286242,3
3,1626,32,3200,0.79,81,286242,2
3,1636,3,300,0.07,43,286307,2
3,1637,5,500,0.12,43,286242,1
3,1646,18,1800,0.44,41,286229,1
3,1647,33,3300,0.82,81,286242,1
3,1667,14,1400,0.35,41,286209,4
3,1668,144,14400,3.56,41,286209,2
3,1669,325,32500,8.03,41,286209,1
3,1670,78,7800,1.93,81,286209,1
3,1671,46,4600,1.14,81,286209,2
3,1692,49,4900,1.21,41,286209,3
3,1693,21,2100,0.52,81,286209,3
3,1704,76,7600,1.88,43,286209,1
3,1705,382,38200,9.44,82,286209,2
3,1722,4,400,0.1,43,286209,3
3,1723,41,4100,1.01,43,286209,2
3,1724,1549,154900,38.28,82,286209,1
3,1789,41,4100,1.01,43,286307,1
3,1803,44,4400,1.09,82,286209,3
3,1818,24,2400,0.59,33,286297,1
3,1826,2,200,0.05,41,286242,3
3,1841,60,6000,1.48,23,286297,3
3,1842,114,11400,2.82,23,286297,2
3,1843,45,4500,1.11,23,286297,1
3,1851,36,3600,0.89,23,286297,4
3,1852,11,1100,0.27,81,286212,3
3,1853,163,16300,4.03,41,286212,3
3,1854,3,300,0.07,33,286297,2
3,1863,9,900,0.22,81,286212,4
3,1908,2,200,0.05,53,286212,3
3,1909,6,600,0.15,53,286212,4
3,1921,5,500,0.12,82,286209,4
3,1922,37,3700,0.91,82,286212,1
3,1923,8,800,0.2,20,286212,2
3,1933,8,800,0.2,82,286212,2
3,1934,8,800,0.2,82,286212,3
3,1935,19,1900,0.47,20,286212,4
3,1954,89,8900,2.2,21,286209,1
3,1961,62,6200,1.53,21,286209,2
3,1962,4,400,0.1,20,286212,3
3,1972,101,10100,2.5,82,286256,1
3,1973,44,4400,1.09,82,286256,2
3,1974,1,100,0.02,82,286297,1
3,1975,1,100,0.02,82,286297,3
3,1976,1,100,0.02,82,286297,4
3,1984,6,600,0.15,82,286256,3
3,1985,1,100,0.02,82,286284,4
3,1994,2,200,0.05,82,286256,4
3,1995,78,7800,1.93,41,286212,4
3,2005,1,100,0.02,33,286212,4
3,2011,1,100,0.02,82,286212,4
3,2022,113,11300,2.79,82,286208,2
3,2023,22,2200,0.54,82,286234,1
3,2031,1,100,0.02,91,286209,2
3,2032,4,400,0.1,43,2519931,1
3,2033,814,81400,20.11,82,286208,1
3,2034,28,2800,0.69,82,286234,2
3,2044,2,200,0.05,82,2519931,2
3,2045,276,27600,6.82,91,2519931,1
3,2046,19,1900,0.47,91,286209,1
3,2061,25,2500,0.62,61,286256,2
3,2062,9,900,0.22,61,286256,4
3,2063,27,2700,0.67,21,286209,3
3,2064,73,7300,1.8,91,286208,1
3,2068,29,2900,0.72,61,286256,1
3,2097,1,100,0.02,82,2519931,1
3,2111,42,4200,1.04,41,2519931,1
3,2121,5,500,0.12,11,286209,1
3,2122,23,2300,0.57,11,2519931,1
3,2127,12,1200,0.3,61,286313,2
3,2128,1,100,0.02,61,286313,1
3,2129,2,200,0.05,61,286256,3
3,2130,25,2500,0.62,20,286209,2
3,2131,5,500,0.12,20,286209,3
3,2132,49,4900,1.21,20,286209,1
3,2133,96,9600,2.37,11,286303,1
3,2141,79,7900,1.95,21,286313,1
3,2147,30,3000,0.74,21,286313,2
3,2148,192,19200,4.74,41,286313,2
3,2149,1,100,0.02,41,286303,1
3,2150,15,1500,0.37,91,286303,1
3,2161,3,300,0.07,21,286313,3
3,2172,110,11000,2.72,41,286313,3
3,2173,2,200,0.05,11,286209,2
3,2182,22,2200,0.54,82,286313,2
3,2183,5,500,0.12,21,286209,4
3,2188,5,500,0.12,82,286210,2
3,2192,36,3600,0.89,82,286313,1
3,2193,4,400,0.1,41,286210,1
3,2194,10,1000,0.25,41,286210,2
3,2195,15,1500,0.37,21,286210,3
3,2196,101,10100,2.5,21,286210,2
3,2199,6,600,0.15,82,286210,3
3,2200,106,10600,2.62,43,286210,2
3,2205,3,300,0.07,82,286313,3
3,2206,13,1300,0.32,43,286210,3
3,2207,93,9300,2.3,43,286210,1
3,2211,3,300,0.07,82,286210,1
3,2212,2,200,0.05,21,286212,4
3,2213,132,13200,3.26,61,286209,1
3,2214,48,4800,1.19,20,286208,1
3,2215,23,2300,0.57,20,286208,2
3,2220,199,19900,4.92,43,286212,2
3,2226,6,600,0.15,82,286208,3
3,2229,43,4300,1.06,43,286212,3
3,2230,3,300,0.07,91,286208,2
3,2236,33,3300,0.82,21,286210,1
3,2237,11,1100,0.27,61,2519931,1
3,2238,1,100,0.02,20,286208,3
3,2239,113,11300,2.79,43,286208,1
3,2244,49,4900,1.21,43,286208,2
3,2255,3,300,0.07,91,286289,1
3,2268,79,7900,1.95,61,286289,1
3,2269,16,1600,0.4,61,286289,2
3,2270,1875,187500,46.33,61,286208,1
3,2278,125,12500,3.09,43,286313,1
3,2291,3,300,0.07,61,286303,2
3,2292,14,1400,0.35,11,286303,2
3,2293,261,26100,6.45,61,286208,2
3,2302,43,4300,1.06,19,286209,2
3,2311,91,9100,2.25,19,286209,1
3,2312,22,2200,0.54,61,286208,3
3,2325,214,21400,5.29,22,286210,2
3,2326,224,22400,5.54,22,286210,1
3,2327,2,200,0.05,19,286209,3
3,2328,5,500,0.12,11,286289,2
3,2334,1,100,0.02,61,286303,1
3,2340,57,5700,1.41,22,286210,3
3,2347,38,3800,0.94,61,286208,4
3,2369,11,1100,0.27,19,286289,2
3,2385,214,21400,5.29,22,286212,2
3,2386,29,2900,0.72,19,286289,1
3,2387,2,200,0.05,11,286289,1
3,2395,384,38400,9.49,22,286313,1
3,2396,123,12300,3.04,22,286212,3
3,2397,103,10300,2.55,22,286212,1
3,2411,100,10000,2.47,41,286313,1
3,2412,28,2800,0.69,43,286313,2
3,2413,6,600,0.15,20,286289,1
3,2414,7,700,0.17,20,286289,2
3,2457,15,1500,0.37,41,286208,2
3,2467,57,5700,1.41,41,286208,1
3,2503,47,4700,1.16,22,286212,4
3,2511,75,7500,1.85,22,286279,1
3,2512,39,3900,0.96,33,286208,2
3,2513,19,1900,0.47,33,286208,3
3,2517,1,100,0.02,82,286279,1
3,2518,182,18200,4.5,22,286313,2
3,2519,79,7900,1.95,33,286208,1
3,2520,1,100,0.02,33,286208,4
3,2527,24,2400,0.59,22,286279,2
3,2528,12,1200,0.3,33,286284,1
3,2540,31,3100,0.77,43,286279,1
3,2554,113,11300,2.79,22,286313,3
3,2579,1,100,0.02,43,286279,2
3,2582,15,1500,0.37,43,286313,3
3,2592,3,300,0.07,22,286279,3
3,2625,23,2300,0.57,22,286307,3
3,2628,12,1200,0.3,11,286284,1
3,2629,1,100,0.02,61,286284,1
3,2640,87,8700,2.15,41,286313,4
3,2641,9,900,0.22,22,286307,1
3,2642,27,2700,0.67,22,286307,2
3,2643,83,8300,2.05,22,286208,2
3,2655,25,2500,0.62,22,286313,4
3,2656,6,600,0.15,22,286307,4
3,2657,1,100,0.02,11,286284,2
3,2658,10,1000,0.25,22,286284,2
3,2659,171,17100,4.23,22,286208,1
3,2672,21,2100,0.52,22,286284,1
3,2686,1,100,0.02,22,286208,3
3,2768,18,1800,0.44,43,286284,1
3,2792,5,500,0.12,43,286208,3
3,2819,69,6900,1.71,41,286282,2
3,2820,34,3400,0.84,41,286282,3
3,2836,1,100,0.02,22,286278,1
3,2837,5,500,0.12,61,286278,1
3,2851,15,1500,0.37,41,286278,2
3,2852,2,200,0.05,22,286278,2
3,2853,2,200,0.05,41,286278,1
3,2858,4,400,0.1,43,286284,2
3,2859,111,11100,2.74,41,286282,1
3,2860,4,400,0.1,41,286278,3
3,2871,14,1400,0.35,41,286282,4
3,2872,2,200,0.05,41,286278,4
3,2873,1,100,0.02,61,286278,3
3,2874,1,100,0.02,61,286278,2
3,2881,17,1700,0.42,19,286282,1
3,2882,1,100,0.02,61,286282,2
3,2883,1,100,0.02,61,286231,2
3,2892,1,100,0.02,61,286282,1
3,2893,3,300,0.07,61,286231,1
3,2899,3,300,0.07,41,286231,1
3,2907,3,300,0.07,19,286282,2
3,2908,1,100,0.02,41,286231,2
3,2909,6,600,0.15,11,286231,1
3,2921,1,100,0.02,19,286231,1
3,2937,2,200,0.05,82,286231,1
3,2945,19,1900,0.47,82,286289,1
3,2955,5,500,0.12,82,286289,2
3,2956,1,100,0.02,19,286208,2
3,2981,1,100,0.02,19,286208,1
4,2358,205,20500,5.07,41,286254,2
4,2364,108,10800,2.67,41,286254,1
4,2381,61,6100,1.51,41,286226,1
4,2382,136,13600,3.36,41,286226,2
4,2391,156,15600,3.85,41,286254,3
4,2392,123,12300,3.04,41,286226,3
4,2393,74,7400,1.83,41,286226,4
4,2406,73,7300,1.8,20,286226,3
4,2407,46,4600,1.14,20,286226,1
4,2420,46,4600,1.14,20,286226,4
4,2440,120,12000,2.97,20,286226,2
4,2445,998,99800,24.66,43,286226,3
4,2446,1426,142600,35.24,43,286226,2
4,2447,871,87100,21.52,43,286226,1
4,2462,248,24800,6.13,43,286226,4
4,2486,23,2300,0.57,19,286226,3
4,2487,3,300,0.07,19,286226,4
4,2488,43,4300,1.06,19,286226,2
4,2499,24,2400,0.59,19,286226,1
4,2556,2,200,0.05,41,286229,1
4,2563,1,100,0.02,41,286229,2
4,2568,19,1900,0.47,43,286229,3
4,2569,45,4500,1.11,43,286229,2
4,2574,25,2500,0.62,43,286229,1
4,2617,134,13400,3.31,21,286226,2
4,2618,87,8700,2.15,21,286226,1
4,2638,70,7000,1.73,21,286226,3
4,2652,3,300,0.07,43,286229,4
4,2664,20,2000,0.49,81,286269,1
4,2665,293,29300,7.24,43,286254,1
4,2666,446,44600,11.02,43,286254,2
4,2674,11,1100,0.27,19,286254,1
4,2682,12,1200,0.3,19,286254,2
4,2683,1,100,0.02,19,286254,3
4,2690,10,1000,0.25,19,286269,1
4,2691,5,500,0.12,19,286269,2
4,2692,6,600,0.15,81,286269,2
4,2693,6,600,0.15,19,286240,3
4,2694,4,400,0.1,19,286240,4
4,2702,64,6400,1.58,43,286269,1
4,2703,1568,156800,38.75,43,286240,2
4,2704,25,2500,0.62,21,286226,4
4,2713,62,6200,1.53,43,286269,2
4,2714,347,34700,8.57,43,286254,3
4,2715,3,300,0.07,19,286240,2
4,2716,1168,116800,28.86,43,286240,3
4,2721,60,6000,1.48,43,286269,3
4,2722,967,96700,23.9,43,286240,4
4,2729,2,200,0.05,19,286269,3
4,2730,2,200,0.05,19,286269,4
4,2731,128,12800,3.16,43,286269,4
4,2732,4,400,0.1,53,286254,3
4,2733,5,500,0.12,53,286254,2
4,2734,152,15200,3.76,20,286254,2
4,2735,71,7100,1.75,20,286254,3
4,2738,2,200,0.05,53,286226,4
4,2739,27,2700,0.67,53,286254,4
4,2740,38,3800,0.94,20,286254,4
4,2741,49,4900,1.21,20,286254,1
4,2742,5,500,0.12,21,286240,3
4,2748,1336,133600,33.01,43,286240,1
4,2752,47,4700,1.16,53,286269,4
4,2753,31,3100,0.77,53,286269,3
4,2754,92,9200,2.27,20,286240,2
4,2755,4,400,0.1,21,286240,4
4,2760,47,4700,1.16,53,286269,2
4,2761,41,4100,1.01,20,286269,4
4,2762,51,5100,1.26,20,286240,3
4,2763,80,8000,1.98,43,286241,2
4,2764,52,5200,1.28,20,286269,3
4,2765,37,3700,0.91,20,286269,2
4,2766,16,1600,0.4,20,286269,1
4,2773,55,5500,1.36,43,286241,1
4,2774,79,7900,1.95,43,286241,3
4,2775,256,25600,6.33,43,286241,4
4,2776,11,1100,0.27,53,286269,1
4,2799,24,2400,0.59,33,286269,4
4,2800,15,1500,0.37,33,286269,3
4,2817,85,8500,2.1,33,286269,1
4,2826,141,14100,3.48,43,286284,1
4,2834,127,12700,3.14,43,286284,2
4,2835,87,8700,2.15,43,286284,3
4,2846,52,5200,1.28,43,286284,4
4,2847,16,1600,0.4,33,286269,2
4,2848,35,3500,0.86,20,286240,4
4,2869,18,1800,0.44,71,286269,1
4,2870,4,400,0.1,71,286269,3
4,2878,6,600,0.15,71,286269,4
4,2879,129,12900,3.19,20,286240,1
4,2888,1,100,0.02,71,286269,2
4,2897,135,13500,3.34,43,286204,3
4,2904,5,500,0.12,20,286204,3
4,2905,142,14200,3.51,81,286204,2
4,2906,70,7000,1.73,81,286240,3
4,2914,39,3900,0.96,33,286240,1
4,2915,39,3900,0.96,71,286240,1
4,2916,25,2500,0.62,20,286204,1
4,2917,16,1600,0.4,20,286204,2
4,2918,72,7200,1.78,81,286204,1
4,2919,67,6700,1.66,81,286240,4
4,2926,28,2800,0.69,33,286240,2
4,2927,8,800,0.2,71,286240,2
4,2928,43,4300,1.06,71,286240,4
4,2934,13,1300,0.32,71,286240,3
4,2935,329,32900,8.13,43,286204,2
4,2936,62,6200,1.53,81,286240,2
4,2942,10,1000,0.25,33,286240,3
4,2943,8,800,0.2,33,286240,4
4,2944,13,1300,0.32,81,286204,3
4,2954,13,1300,0.32,43,286204,4
4,2960,10,1000,0.25,33,286241,3
4,2963,160,16000,3.95,43,286254,4
4,2964,9,900,0.22,33,286241,2
4,2965,729,72900,18.01,43,286204,1
4,2968,25,2500,0.62,33,286254,3
4,2969,92,9200,2.27,33,286254,4
4,2970,14,1400,0.35,53,286254,1
4,2971,4,400,0.1,33,286241,4
4,2972,35,3500,0.86,33,286241,1
4,2989,24,2400,0.59,33,286254,1
4,2990,18,1800,0.44,33,286254,2
4,2991,3,300,0.07,20,286204,4
4,2994,1,100,0.02,33,286242,2
4,2995,33,3300,0.82,33,286242,1
4,2996,15,1500,0.37,53,286242,1
4,2997,11,1100,0.27,53,286242,2
4,2998,232,23200,5.73,43,286242,2
4,2999,80,8000,1.98,81,286240,1
4,3003,1,100,0.02,33,286242,3
4,3004,1,100,0.02,85,286241,2
4,3005,1,100,0.02,85,286241,3
4,3006,1,100,0.02,85,286240,3
4,3007,2,200,0.05,85,286240,2
4,3008,1,100,0.02,81,286204,4
4,3014,5,500,0.12,53,286242,3
4,3015,8,800,0.2,85,286241,1
4,3016,10,1000,0.25,85,286240,1
4,3017,156,15600,3.85,43,286242,3
4,3025,3,300,0.07,33,286242,4
4,3026,70,7000,1.73,43,286249,4
4,3027,526,52600,13.0,43,286249,1
4,3028,2,200,0.05,33,286249,1
4,3029,13,1300,0.32,20,286249,3
4,3030,3,300,0.07,20,286241,1
4,3031,6,600,0.15,20,286241,2
4,3035,189,18900,4.67,43,286242,1
4,3036,54,5400,1.33,43,286249,3
4,3037,13,1300,0.32,20,286249,2
4,3038,12,1200,0.3,21,286204,2
4,3041,178,17800,4.4,43,286242,4
4,3042,169,16900,4.18,43,286249,2
4,3043,5,500,0.12,20,286241,4
4,3044,4,400,0.1,21,286204,1
4,3049,102,10200,2.52,43,286212,1
4,3050,66,6600,1.63,43,286212,2
4,3051,23,2300,0.57,20,286242,3
4,3052,6,600,0.15,20,286249,4
4,3053,1,100,0.02,21,286204,3
4,3054,68,6800,1.68,81,286310,2
4,3055,26,2600,0.64,81,286310,3
4,3062,18,1800,0.44,43,286212,3
4,3063,28,2800,0.69,20,286249,1
4,3064,174,17400,4.3,21,286310,1
4,3065,80,8000,1.98,21,286310,2
4,3066,18,1800,0.44,21,286310,3
4,3067,1803,180300,44.55,43,286310,1
4,3068,1148,114800,28.37,43,286310,2
4,3069,170,17000,4.2,81,286310,1
4,3075,24,2400,0.59,20,286242,2
4,3076,37,3700,0.91,20,286310,2
4,3080,10,1000,0.25,20,286242,1
4,3081,607,60700,15.0,43,286310,4
4,3082,6,600,0.15,20,286310,3
4,3083,49,4900,1.21,20,286310,1
4,3084,715,71500,17.67,43,286310,3
4,3085,15,1500,0.37,81,286310,4
4,3093,17,1700,0.42,20,286242,4
4,3099,10,1000,0.25,20,286212,1
4,3103,1,100,0.02,43,286212,4
4,3106,8,800,0.2,20,286212,2
4,3107,3,300,0.07,21,286310,4
4,3112,196,19600,4.84,41,286284,1
4,3114,55,5500,1.36,41,286284,3
4,3115,24,2400,0.59,41,286284,4
4,3117,118,11800,2.92,43,286288,4
4,3118,92,9200,2.27,43,286288,3
4,3119,581,58100,14.36,43,286288,1
4,3125,132,13200,3.26,43,286288,2
4,3128,88,8800,2.17,41,286254,4
4,3129,128,12800,3.16,41,286284,2
4,3130,43,4300,1.06,21,286242,3
4,3131,47,4700,1.16,21,286242,1
4,3133,56,5600,1.38,21,286242,2
4,3135,13,1300,0.32,20,286310,4
4,3137,22,2200,0.54,21,286242,4
4,3139,365,36500,9.02,41,286288,1
4,3143,1,100,0.02,20,286288,1
4,3144,25,2500,0.62,41,286288,2
4,3146,11,1100,0.27,41,286288,3
4,3147,372,37200,9.19,82,286310,1
4,3153,11,1100,0.27,21,286212,1
4,3154,111,11100,2.74,21,286254,2
4,3155,63,6300,1.56,21,286254,3
4,3157,10,1000,0.25,21,286212,3
4,3158,29,2900,0.72,82,286204,1
4,3159,168,16800,4.15,82,286310,2
4,3161,10,1000,0.25,11,286288,2
4,3162,14,1400,0.35,11,286288,1
4,3164,30,3000,0.74,21,286212,2
4,3165,31,3100,0.77,21,286254,4
4,3168,88,8800,2.17,41,2519932,1
4,3171,146,14600,3.61,43,2519932,1
4,3173,55,5500,1.36,41,286212,2
4,3174,58,5800,1.43,21,286254,1
4,3177,22,2200,0.54,41,286212,1
4,3178,24,2400,0.59,43,2519932,2
4,3179,1,100,0.02,11,286310,2
4,3184,2,200,0.05,11,286310,3
4,3199,22,2200,0.54,19,286310,4
4,3202,5,500,0.12,19,286310,3
4,3208,21,2100,0.52,41,286212,3
4,3209,10,1000,0.25,19,286310,2
4,3218,7,700,0.17,53,286226,2
4,3219,9,900,0.22,53,286226,3
4,3220,10,1000,0.25,19,286310,1
4,3225,7,700,0.17,53,286226,1
4,3230,7,700,0.17,19,286240,1
4,3248,1,100,0.02,20,286284,2
4,3257,22,2200,0.54,82,286254,2
4,3258,3,300,0.07,82,286254,4
4,3259,16,1600,0.4,82,286254,3
4,3260,3,300,0.07,20,286284,3
4,3295,1,100,0.02,20,286212,3
4,3359,64,6400,1.58,82,286310,3
4,3360,93,9300,2.3,43,2519931,3
4,3361,100,10000,2.47,43,2519931,2
4,3369,212,21200,5.24,43,2519931,1
4,3374,26,2600,0.64,82,286310,4
4,3380,2,200,0.05,61,286310,4
4,3385,7,700,0.17,41,286255,2
4,3386,11,1100,0.27,61,286310,2
4,3392,5,500,0.12,41,286255,1
4,3393,7,700,0.17,61,286310,3
4,3395,1,100,0.02,41,286255,3
4,3396,11,1100,0.27,82,286240,2
4,3397,28,2800,0.69,43,2519931,4
4,3403,22,2200,0.54,82,286240,3
4,3408,1643,164300,40.6,41,2519931,1
4,3411,1,100,0.02,82,286240,1
4,3418,1,100,0.02,61,286310,1
4,3429,37,3700,0.91,41,2519931,2
4,3440,10,1000,0.25,53,286310,2
4,3441,22,2200,0.54,53,286310,3
4,3447,11,1100,0.27,53,286310,1
4,3448,20,2000,0.49,53,286310,4
4,3465,1,100,0.02,43,286287,2
4,3473,1,100,0.02,43,286287,1
4,3480,11,1100,0.27,41,286240,2
4,3501,10,1000,0.25,41,286240,1
4,3502,18,1800,0.44,41,2519931,3
4,3508,4,400,0.1,41,286240,3
4,3524,25,2500,0.62,41,286310,4
4,3527,17,1700,0.42,41,286310,3
4,3536,40,4000,0.99,81,286226,1
4,3537,27,2700,0.67,81,286226,2
4,3542,25,2500,0.62,81,286226,3
4,3554,1,100,0.02,81,286226,4
4,3555,15,1500,0.37,41,286310,2
4,3632,8,800,0.2,41,286288,4
4,3706,142,14200,3.51,91,2519931,1
4,3842,10,1000,0.25,41,286310,1
4,3860,8,800,0.2,41,2519931,4
5,916,328,32800,8.11,20,286226,1
5,926,290,29000,7.17,41,286226,1
5,932,803,80300,19.84,41,286226,3
5,933,673,67300,16.63,41,286226,4
5,934,715,71500,17.67,41,286226,2
5,935,577,57700,14.26,20,286226,2
5,943,38,3800,0.94,41,286296,1
5,944,72,7200,1.78,41,286296,2
5,945,1825,182500,45.1,43,286226,1
5,947,1635,163500,40.4,41,286284,2
5,948,1636,163600,40.43,41,286284,1
5,949,3491,349100,86.26,43,286226,2
5,961,2752,275200,68.0,43,286226,3
5,967,57,5700,1.41,41,286296,3
5,970,1550,155000,38.3,43,286226,4
5,972,794,79400,19.62,41,286284,3
5,973,50,5000,1.24,21,286226,4
5,974,139,13900,3.43,21,286226,2
5,977,113,11300,2.79,21,286226,3
5,993,524,52400,12.95,41,286284,4
5,995,75,7500,1.85,21,286226,1
5,1009,413,41300,10.21,20,286226,3
5,1012,236,23600,5.83,20,286226,4
5,1013,684,68400,16.9,43,286284,2
5,1035,84,8400,2.08,20,286284,4
5,1036,923,92300,22.81,43,286284,1
5,1040,87,8700,2.15,20,286284,3
5,1060,350,35000,8.65,43,286284,4
5,1062,506,50600,12.5,43,286284,3
5,1085,329,32900,8.13,43,286227,2
5,1087,76,7600,1.88,20,286284,2
5,1088,195,19500,4.82,43,286227,1
5,1089,477,47700,11.79,43,286227,3
5,1090,853,85300,21.08,43,286227,4
5,1094,23,2300,0.57,20,286284,1
5,1095,63,6300,1.56,21,286227,3
5,1096,67,6700,1.66,21,286227,2
5,1103,115,11500,2.84,41,286227,1
5,1110,25,2500,0.62,21,286284,4
5,1111,63,6300,1.56,21,286227,4
5,1117,320,32000,7.91,41,286227,2
5,1120,14,1400,0.35,21,286284,3
5,1121,4,400,0.1,21,286284,2
5,1122,389,38900,9.61,41,286227,3
5,1124,794,79400,19.62,41,286227,4
5,1148,6,600,0.15,33,286227,4
5,1149,10,1000,0.25,33,286227,3
5,1150,11,1100,0.27,33,286296,3
5,1154,4,400,0.1,33,286296,2
5,1163,7,700,0.17,33,286227,2
5,1170,1,100,0.02,33,286227,1
5,1177,7,700,0.17,33,286284,4
5,1178,17,1700,0.42,33,286284,1
5,1188,14,1400,0.35,33,286284,3
5,1189,13,1300,0.32,33,286284,2
5,1207,52,5200,1.28,20,286227,2
5,1212,88,8800,2.17,20,286227,3
5,1219,74,7400,1.83,41,286255,3
5,1220,70,7000,1.73,41,286255,2
5,1227,100,10000,2.47,41,286255,4
5,1228,40,4000,0.99,41,286255,1
5,1243,101,10100,2.5,33,286255,4
5,1253,102,10200,2.52,33,286255,3
5,1257,16,1600,0.4,33,286255,1
5,1263,54,5400,1.33,33,286255,2
5,1309,106,10600,2.62,20,286227,4
5,1310,222,22200,5.49,41,286244,4
5,1311,75,7500,1.85,41,286244,3
5,1312,75,7500,1.85,33,286244,2
5,1320,14,1400,0.35,33,286225,3
5,1326,12,1200,0.3,33,286244,1
5,1327,19,1900,0.47,33,286225,2
5,1334,76,7600,1.88,33,286244,3
5,1344,127,12700,3.14,41,286212,4
5,1345,1,100,0.02,33,286225,1
5,1351,42,4200,1.04,21,286212,3
5,1352,88,8800,2.17,21,286212,2
5,1353,45,4500,1.11,21,286212,1
5,1354,14,1400,0.35,21,286212,4
5,1355,9,900,0.22,33,286225,4
5,1362,141,14100,3.48,33,286244,4
5,1376,157,15700,3.88,41,286212,3
5,1387,122,12200,3.01,41,286212,2
5,1388,2,200,0.05,43,286225,4
5,1397,47,4700,1.16,43,286255,3
5,1398,80,8000,1.98,43,286255,4
5,1420,16,1600,0.4,33,286254,4
5,1433,25,2500,0.62,43,286255,2
5,1434,16,1600,0.4,33,286254,3
5,1435,554,55400,13.69,43,286254,2
5,1436,430,43000,10.63,43,286254,3
5,1437,264,26400,6.52,43,286254,4
5,1453,4,400,0.1,33,286254,2
5,1454,5,500,0.12,33,286211,3
5,1462,88,8800,2.17,41,286212,1
5,1463,90,9000,2.22,41,286244,2
5,1464,1,100,0.02,33,286254,1
5,1469,248,24800,6.13,43,286254,1
5,1470,239,23900,5.91,41,286254,3
5,1471,35,3500,0.86,41,286211,3
5,1472,3,300,0.07,33,286211,2
5,1473,2,200,0.05,33,286211,4
5,1482,17,1700,0.42,20,286212,4
5,1483,47,4700,1.16,20,286212,3
5,1484,31,3100,0.77,41,286244,1
5,1485,45,4500,1.11,41,286211,2
5,1486,39,3900,0.96,41,286211,4
5,1487,22,2200,0.54,41,286211,1
5,1498,20,2000,0.49,20,286227,1
5,1499,98,9800,2.42,41,286254,4
5,1510,120,12000,2.97,43,286244,2
5,1511,9,900,0.22,25,286254,4
5,1512,24,2400,0.59,41,286270,4
5,1513,4,400,0.1,25,286211,4
5,1529,84,8400,2.08,43,286244,1
5,1530,122,12200,3.01,43,286244,3
5,1531,3,300,0.07,43,286255,1
5,1532,70,7000,1.73,25,286270,4
5,1533,46,4600,1.14,25,286270,3
5,1534,12,1200,0.3,41,286270,1
5,1535,11,1100,0.27,41,286270,3
5,1536,13,1300,0.32,41,286270,2
5,1537,1,100,0.02,82,286270,1
5,1552,54,5400,1.33,25,286270,2
5,1553,31,3100,0.77,25,286270,1
5,1554,6,600,0.15,82,286270,2
5,1565,253,25300,6.25,43,286244,4
5,1566,5,500,0.12,43,286270,4
5,1567,14,1400,0.35,43,286270,3
5,1568,3,300,0.07,82,286270,3
5,1583,9,900,0.22,20,286212,2
5,1584,15,1500,0.37,43,286270,1
5,1585,3,300,0.07,82,286270,4
5,1606,61,6100,1.51,53,286244,4
5,1607,13,1300,0.32,43,286270,2
5,1627,23,2300,0.57,53,286244,3
5,1638,34,3400,0.84,53,286244,2
5,1639,6,600,0.15,82,286223,1
5,1640,14,1400,0.35,82,286223,2
5,1641,26,2600,0.64,82,286210,1
5,1650,12,1200,0.3,53,286244,1
5,1651,218,21800,5.39,43,2519932,1
5,1652,73,7300,1.8,43,2519932,2
5,1653,37,3700,0.91,43,2519932,3
5,1654,16,1600,0.4,41,2519932,3
5,1655,91,9100,2.25,41,2519932,2
5,1678,421,42100,10.4,41,2519932,1
5,1679,60,6000,1.48,41,286210,1
5,1695,12,1200,0.3,20,286306,4
5,1696,17,1700,0.42,41,286306,3
5,1697,3,300,0.07,25,2519932,3
5,1698,33,3300,0.82,41,286210,2
5,1699,17,1700,0.42,82,286210,2
5,1707,7,700,0.17,20,286306,1
5,1708,16,1600,0.4,20,286306,2
5,1709,25,2500,0.62,41,286306,4
5,1710,142,14200,3.51,41,286223,3
5,1711,16,1600,0.4,41,286210,3
5,1712,4,400,0.1,82,286210,3
5,1728,15,1500,0.37,20,286306,3
5,1729,2,200,0.05,82,286223,3
5,1742,4,400,0.1,43,286306,4
5,1743,18,1800,0.44,41,286306,2
5,1744,40,4000,0.99,20,286244,2
5,1745,28,2800,0.69,20,286244,3
5,1746,10,1000,0.25,20,286244,4
5,1747,1,100,0.02,19,286270,2
5,1748,36,3600,0.89,19,286223,3
5,1749,53,5300,1.31,19,286223,2
5,1764,18,1800,0.44,71,286306,3
5,1765,18,1800,0.44,71,286306,4
5,1766,15,1500,0.37,20,286212,1
5,1767,22,2200,0.54,20,286244,1
5,1768,93,9300,2.3,41,286223,4
5,1780,7,700,0.17,71,286306,2
5,1781,3,300,0.07,20,2519932,2
5,1782,17,1700,0.42,20,2519932,1
5,1783,142,14200,3.51,41,286223,2
5,1784,23,2300,0.57,19,286223,1
5,1793,66,6600,1.63,41,286223,1
5,1794,5,500,0.12,19,286210,1
5,1807,9,900,0.22,21,286227,1
5,1808,3,300,0.07,82,286211,1
5,1821,6,600,0.15,41,286306,1
5,1829,3,300,0.07,71,286226,4
5,1830,18,1800,0.44,43,2519932,4
5,1845,1,100,0.02,19,286210,2
5,1856,6,600,0.15,71,286226,3
5,1857,7,700,0.17,71,286226,2
5,1858,10,1000,0.25,71,286226,1
5,1865,14,1400,0.35,41,286210,4
5,1866,631,63100,15.59,43,286223,2
5,1867,571,57100,14.11,43,286223,3
5,1868,138,13800,3.41,43,286223,4
5,1882,11,1100,0.27,23,286244,1
5,1883,192,19200,4.74,20,286223,2
5,1884,86,8600,2.13,20,286223,1
5,1885,209,20900,5.16,20,286223,3
5,1896,1,100,0.02,71,286284,1
5,1897,3,300,0.07,71,286284,2
5,1898,4,400,0.1,71,286284,3
5,1899,2,200,0.05,23,286244,2
5,1914,2,200,0.05,23,286244,4
5,1915,25,2500,0.62,20,286223,4
5,1916,20,2000,0.49,20,286210,2
5,1917,61,6100,1.51,20,286210,1
5,1939,151,15100,3.73,43,286210,1
5,1940,176,17600,4.35,43,286210,2
5,1947,33,3300,0.82,20,286296,4
5,1948,33,3300,0.82,41,286296,4
5,1956,1,100,0.02,61,286223,1
5,1965,75,7500,1.85,43,286210,3
5,1966,25,2500,0.62,61,286223,2
5,2012,11,1100,0.27,81,286284,2
5,2013,153,15300,3.78,43,286223,1
5,2014,3,300,0.07,61,286223,3
5,2026,39,3900,0.96,81,286223,1
5,2027,158,15800,3.9,81,286223,2
5,2028,4,400,0.1,81,286284,3
5,2040,40,4000,0.99,81,286296,2
5,2065,97,9700,2.4,81,286223,3
5,2070,1,100,0.02,41,2519932,4
5,2076,49,4900,1.21,43,286296,3
5,2092,10,1000,0.25,43,286296,4
5,2114,396,39600,9.79,41,286254,2
5,2115,13,1300,0.32,81,286296,3
5,2142,412,41200,10.18,41,286254,1
5,2143,995,99500,24.59,43,286224,4
5,2144,39,3900,0.96,43,286296,2
5,2152,6,600,0.15,41,286252,2
5,2153,1,100,0.02,41,286252,3
5,2155,22,2200,0.54,81,286224,3
5,2156,7,700,0.17,81,286224,4
5,2164,1,100,0.02,41,286252,1
5,2165,329,32900,8.13,43,286224,3
5,2166,32,3200,0.79,43,286224,2
5,2167,7,700,0.17,81,286224,2
5,2180,4,400,0.1,81,286296,1
5,2197,6,600,0.15,43,286296,1
5,2201,161,16100,3.98,43,286222,1
5,2202,43,4300,1.06,43,286222,3
5,2221,266,26600,6.57,43,286222,2
5,2249,8,800,0.2,20,286222,2
5,2250,22,2200,0.54,20,286222,1
5,2259,12,1200,0.3,20,286222,3
5,2273,12,1200,0.3,33,286296,4
5,2306,9,900,0.22,33,286224,3
5,2307,40,4000,0.99,33,286224,4
5,2318,67,6700,1.66,33,286269,4
5,2319,48,4800,1.19,41,286224,4
5,2342,16,1600,0.4,33,286269,3
5,2349,5,500,0.12,33,286224,2
5,2350,2,200,0.05,41,286224,3
5,2351,234,23400,5.78,43,286212,1
5,2354,23,2300,0.57,81,286226,2
5,2355,31,3100,0.77,81,286226,3
5,2356,346,34600,8.55,43,286212,2
5,2361,9,900,0.22,81,286226,1
5,2376,1,100,0.02,43,286224,1
5,2377,5,500,0.12,41,286269,4
5,2378,1,100,0.02,11,286226,1
5,2379,78,7800,1.93,11,286284,1
5,2380,177,17700,4.37,43,286212,3
5,2388,9,900,0.22,33,286269,2
5,2403,10,1000,0.25,11,286284,2
5,2423,863,86300,21.33,43,286228,4
5,2424,1,100,0.02,33,286269,1
5,2425,2,200,0.05,81,286284,1
5,2430,12,1200,0.3,33,286228,4
5,2434,8,800,0.2,81,286226,4
5,2438,32,3200,0.79,43,286269,4
5,2439,1,100,0.02,81,286284,4
5,2522,55,5500,1.36,43,286213,3
5,2523,32,3200,0.79,43,286213,2
5,2524,30,3000,0.74,43,286213,1
5,2532,45,4500,1.11,43,286213,4
5,2535,8,800,0.2,43,286305,3
5,2536,28,2800,0.69,43,286305,2
5,2537,36,3600,0.89,43,286305,1
5,2538,54,5400,1.33,41,286305,1
5,2541,183,18300,4.52,43,286211,2
5,2542,143,14300,3.53,43,286211,3
5,2543,9,900,0.22,19,286213,2
5,2544,15,1500,0.37,19,286213,1
5,2560,17,1700,0.42,41,286213,1
5,2561,28,2800,0.69,41,286213,2
5,2562,31,3100,0.77,41,286213,3
5,2566,17,1700,0.42,43,286210,4
5,2567,71,7100,1.75,41,286213,4
5,2583,9,900,0.22,21,286213,3
5,2584,2,200,0.05,21,286213,1
5,2585,58,5800,1.43,21,286210,1
5,2589,6,600,0.15,21,286213,2
5,2594,46,4600,1.14,43,286211,4
5,2599,43,4300,1.06,43,286294,1
5,2600,54,5400,1.33,43,286211,1
5,2604,69,6900,1.71,43,286228,3
5,2616,59,5900,1.46,21,286210,2
5,2636,31,3100,0.77,91,286226,1
5,2644,136,13600,3.36,43,286303,1
5,2645,265,26500,6.55,91,286303,1
5,2646,43,4300,1.06,33,286226,2
5,2647,178,17800,4.4,21,286254,2
5,2660,34,3400,0.84,33,286226,3
5,2661,91,9100,2.25,21,286254,1
5,2673,70,7000,1.73,21,286254,3
5,2680,22,2200,0.54,21,286210,3
5,2687,3,300,0.07,33,286226,1
5,2688,28,2800,0.69,33,286226,4
5,2689,13,1300,0.32,21,286210,4
5,2699,97,9700,2.4,19,286226,3
5,2700,103,10300,2.55,19,286226,2
5,2710,109,10900,2.69,91,286284,1
5,2711,49,4900,1.21,19,286226,1
5,2727,20,2000,0.49,43,286303,2
5,2728,54,5400,1.33,19,286226,4
5,2751,1,100,0.02,21,286213,4
5,2758,18,1800,0.44,21,286254,4
5,2759,62,6200,1.53,43,286240,4
5,2771,18,1800,0.44,43,286303,3
5,2772,3,300,0.07,91,286226,2
5,2778,3,300,0.07,81,286223,4
5,2779,13,1300,0.32,43,286240,3
5,2781,42,4200,1.04,20,286254,3
5,2782,4,400,0.1,21,286284,1
5,2783,2,200,0.05,19,286240,3
5,2786,7,700,0.17,91,286303,2
5,2787,18,1800,0.44,20,286254,4
5,2788,58,5800,1.43,20,286254,2
5,2789,9,900,0.22,19,286240,4
5,2797,10,1000,0.25,43,286303,4
5,2798,4,400,0.1,43,286240,2
5,2812,21,2100,0.52,20,286254,1
5,2816,1,100,0.02,91,286303,3
5,2825,15,1500,0.37,19,286223,4
5,2832,17,1700,0.42,81,286254,1
5,2833,8,800,0.2,43,286240,1
5,2844,11,1100,0.27,41,286303,2
5,2845,15,1500,0.37,81,286254,2
5,2856,526,52600,13.0,11,286303,1
5,2862,73,7300,1.8,41,286228,4
5,2863,16,1600,0.4,91,286284,2
5,2864,1,100,0.02,81,286254,3
5,2865,2,200,0.05,81,286227,1
5,2866,17,1700,0.42,81,286227,2
5,2867,37,3700,0.91,41,286305,2
5,2868,11,1100,0.27,11,286303,2
5,2877,19,1900,0.47,81,286227,3
5,2885,10,1000,0.25,81,286227,4
5,2886,20,2000,0.49,20,286305,3
5,2887,4,400,0.1,20,286305,2
5,2896,5,500,0.12,20,286305,4
5,2903,2,200,0.05,53,286305,1
5,2912,13,1300,0.32,41,286228,3
5,2913,2,200,0.05,53,286305,3
5,2924,2,200,0.05,53,286305,2
5,2925,17,1700,0.42,41,286303,1
5,2932,25,2500,0.62,41,286305,3
5,2933,4,400,0.1,21,286305,1
5,2941,24,2400,0.59,21,286305,2
5,2949,5,500,0.12,21,286305,3
5,2950,5,500,0.12,53,286284,3
5,2958,13,1300,0.32,19,286284,3
5,2959,3,300,0.07,53,286284,2
5,2966,6,600,0.15,19,286284,4
5,2967,1,100,0.02,53,286284,1
5,2977,59,5900,1.46,41,286222,2
5,2978,5,500,0.12,91,286284,3
5,2979,1,100,0.02,41,286305,4
5,2984,36,3600,0.89,41,286222,1
5,2985,3,300,0.07,41,286228,2
5,2993,1,100,0.02,20,286303,3
5,3000,1,100,0.02,91,286284,4
5,3001,25,2500,0.62,19,286227,2
5,3002,25,2500,0.62,19,286227,1
5,3039,22,2200,0.54,43,286228,2
5,3040,6,600,0.15,19,286227,3
5,3048,5,500,0.12,43,286228,1
5,3057,6,600,0.15,19,286284,2
5,3058,6,600,0.15,11,286227,2
5,3059,3,300,0.07,11,286227,3
5,3060,3,300,0.07,11,286303,3
5,3061,1,100,0.02,11,286284,3
5,3098,6,600,0.15,11,286227,1
5,3111,3,300,0.07,41,286303,3
5,3113,26,2600,0.64,19,286227,4
5,3124,4,400,0.1,19,286284,1
5,3138,38,3800,0.94,43,286212,4
5,3211,32,3200,0.79,21,286228,4
5,3212,31,3100,0.77,82,286212,2
5,3213,13,1300,0.32,82,286212,3
5,3214,12,1200,0.3,82,286212,1
5,3224,19,1900,0.47,21,286228,3
5,3229,2,200,0.05,21,286255,2
5,3235,6,600,0.15,21,286228,2
5,3236,5,500,0.12,21,286255,4
5,3237,7,700,0.17,21,286255,3
5,3238,1,100,0.02,21,286255,1
5,3311,9,900,0.22,21,286223,3
5,3312,20,2000,0.49,21,286223,2
5,3313,11,1100,0.27,21,286223,1
5,3318,2,200,0.05,21,286228,1
6,1396,214,21400,5.29,20,286226,2
6,1403,1524,152400,37.66,41,286226,2
6,1416,54,5400,1.33,20,286227,2
6,1417,13,1300,0.32,20,286227,1
6,1418,1075,107500,26.56,41,286226,3
6,1419,575,57500,14.21,41,286226,4
6,1431,898,89800,22.19,41,286226,1
6,1432,138,13800,3.41,20,286226,4
6,1447,7,700,0.17,25,286226,1
6,1448,13,1300,0.32,25,286226,3
6,1449,30,3000,0.74,20,286227,4
6,1450,40,4000,0.99,20,286227,3
6,1451,91,9100,2.25,41,286227,2
6,1452,22,2200,0.54,41,286227,1
6,1460,12,1200,0.3,25,286226,2
6,1461,207,20700,5.12,41,286227,3
6,1481,82,8200,2.03,20,286226,1
6,1497,219,21900,5.41,41,286227,4
6,1505,3,300,0.07,25,286301,1
6,1506,9,900,0.22,25,286301,3
6,1507,3,300,0.07,25,286301,2
6,1508,14,1400,0.35,25,286301,4
6,1509,25,2500,0.62,25,286226,4
6,1528,269,26900,6.65,41,286288,2
6,1562,42,4200,1.04,41,286288,4
6,1564,461,46100,11.39,41,286288,1
6,1582,94,9400,2.32,41,286288,3
6,1595,101,10100,2.5,43,286288,1
6,1596,123,12300,3.04,43,286288,2
6,1648,55,5500,1.36,43,286288,3
6,1649,7,700,0.17,41,286282,4
6,1672,38,3800,0.94,43,286288,4
6,1673,270,27000,6.67,43,2519932,1
6,1674,228,22800,5.63,43,2519932,2
6,1675,174,17400,4.3,43,2519932,3
6,1676,32,3200,0.79,41,286282,3
6,1677,246,24600,6.08,41,286282,1
6,1694,70,7000,1.73,41,286282,2
6,1706,754,75400,18.63,43,286234,3
6,1725,931,93100,23.01,43,286234,2
6,1726,62,6200,1.53,41,286301,1
6,1727,51,5100,1.26,21,286227,4
6,1739,612,61200,15.12,43,286234,1
6,1740,24,2400,0.59,21,286227,2
6,1741,50,5000,1.24,21,286227,3
6,1756,1587,158700,39.22,43,286214,2
6,1757,3324,332400,82.14,43,286226,3
6,1758,195,19500,4.82,43,286228,3
6,1759,320,32000,7.91,41,286228,4
6,1760,615,61500,15.2,43,286228,4
6,1761,397,39700,9.81,43,286234,4
6,1762,2,200,0.05,21,286227,1
6,1763,804,80400,19.87,43,286227,4
6,1775,912,91200,22.54,43,286214,1
6,1776,1345,134500,33.24,43,286214,3
6,1777,1463,146300,36.15,43,286226,4
6,1778,122,12200,3.01,91,286282,1
6,1779,958,95800,23.67,43,286227,3
6,1790,249,24900,6.15,43,286266,1
6,1791,17,1700,0.42,41,286301,2
6,1792,548,54800,13.54,43,286227,2
6,1804,893,89300,22.07,43,286266,2
6,1805,277,27700,6.84,41,286214,3
6,1806,1023,102300,25.28,43,286214,4
6,1819,142,14200,3.51,41,286214,4
6,1820,3977,397700,98.27,43,286226,2
6,1827,300,30000,7.41,41,286214,2
6,1828,2,200,0.05,43,286282,1
6,1844,40,4000,0.99,41,286228,3
6,1855,1319,131900,32.59,41,2519932,1
6,1864,4,400,0.1,91,286227,1
6,1881,586,58600,14.48,43,286266,3
6,1890,61,6100,1.51,19,286214,2
6,1891,10,1000,0.25,19,286214,1
6,1892,3,300,0.07,41,286228,2
6,1893,354,35400,8.75,41,2519932,2
6,1894,556,55600,13.74,41,286254,1
6,1895,2,200,0.05,11,286254,1
6,1905,1110,111000,27.43,41,286254,2
6,1906,2,200,0.05,91,286227,2
6,1910,121,12100,2.99,41,286234,3
6,1911,1138,113800,28.12,43,286254,3
6,1912,1701,170100,42.03,43,286254,2
6,1913,827,82700,20.44,41,286254,3
6,1924,131,13100,3.24,41,286234,4
6,1925,143,14300,3.53,41,286234,2
6,1926,136,13600,3.36,20,286226,3
6,1927,382,38200,9.44,41,286254,4
6,1928,1,100,0.02,91,286282,2
6,1929,1,100,0.02,91,286282,3
6,1936,73,7300,1.8,20,286254,2
6,1937,20,2000,0.49,20,286282,1
6,1938,7,700,0.17,20,286282,3
6,1942,151,15100,3.73,41,286234,1
6,1943,35,3500,0.86,20,286254,1
6,1944,44,4400,1.09,20,286254,3
6,1945,201,20100,4.97,43,286254,4
6,1946,4,400,0.1,20,286282,2
6,1955,41,4100,1.01,20,286254,4
6,1963,79,7900,1.95,21,286266,2
6,1964,115,11500,2.84,21,286266,3
6,1977,137,13700,3.39,41,2519932,3
6,1996,276,27600,6.82,41,286296,1
6,1997,63,6300,1.56,41,286296,4
6,2006,17,1700,0.42,21,286266,1
6,2024,55,5500,1.36,41,286255,2
6,2025,14,1400,0.35,41,286255,4
6,2035,32,3200,0.79,41,286208,2
6,2036,14,1400,0.35,41,286208,3
6,2037,29,2900,0.72,41,286208,4
6,2038,26,2600,0.64,41,286208,1
6,2039,18,1800,0.44,41,286255,1
6,2047,37,3700,0.91,43,286228,2
6,2048,13,1300,0.32,41,286255,3
6,2055,1,100,0.02,43,286228,1
6,2069,36,3600,0.89,19,286266,3
6,2074,15,1500,0.37,19,286266,4
6,2075,22,2200,0.54,19,286266,2
6,2080,40,4000,0.99,21,286254,3
6,2083,312,31200,7.71,81,286210,1
6,2084,173,17300,4.27,81,286210,2
6,2085,21,2100,0.52,81,286210,3
6,2086,60,6000,1.48,41,286304,1
6,2087,60,6000,1.48,41,286313,1
6,2088,86,8600,2.13,41,286313,2
6,2089,58,5800,1.43,41,286266,3
6,2090,23,2300,0.57,41,286266,1
6,2091,17,1700,0.42,21,286254,2
6,2098,8,800,0.2,41,286210,2
6,2099,139,13900,3.43,41,286313,3
6,2100,112,11200,2.77,41,286266,2
6,2101,1,100,0.02,43,286208,4
6,2102,7,700,0.17,21,286254,1
6,2112,69,6900,1.71,41,286304,2
6,2113,314,31400,7.76,43,286266,4
6,2123,1,100,0.02,41,286266,4
6,2134,2,200,0.05,43,286208,2
6,2151,48,4800,1.19,41,286304,3
6,2154,1411,141100,34.87,43,286226,1
6,2162,1,100,0.02,43,286208,1
6,2163,59,5900,1.46,41,286252,2
6,2174,1,100,0.02,41,286210,4
6,2175,3,300,0.07,19,286266,1
6,2176,9,900,0.22,21,286254,4
6,2177,71,7100,1.75,41,286252,1
6,2178,214,21400,5.29,81,286252,1
6,2179,249,24900,6.15,81,286252,2
6,2184,6,600,0.15,41,286210,3
6,2185,113,11300,2.79,41,286214,1
6,2186,781,78100,19.3,43,286254,1
6,2227,124,12400,3.06,43,286313,3
6,2228,5,500,0.12,41,286252,3
6,2231,3194,319400,78.93,41,286284,2
6,2240,1,100,0.02,81,286304,1
6,2241,280,28000,6.92,43,286313,2
6,2242,3676,367600,90.84,41,286284,1
6,2245,1,100,0.02,81,286304,2
6,2246,3,300,0.07,81,286304,3
6,2247,115,11500,2.84,43,286313,1
6,2248,1328,132800,32.82,41,286284,3
6,2256,420,42000,10.38,41,286256,2
6,2257,448,44800,11.07,41,286256,3
6,2258,225,22500,5.56,41,286256,1
6,2271,449,44900,11.1,41,286256,4
6,2272,18,1800,0.44,82,286254,2
6,2279,6,600,0.15,41,286210,1
6,2280,113,11300,2.79,41,286212,1
6,2281,4,400,0.1,41,286304,4
6,2282,68,6800,1.68,41,286308,2
6,2283,510,51000,12.6,41,286284,4
6,2284,4,400,0.1,82,286254,1
6,2285,29,2900,0.72,82,286226,2
6,2286,16,1600,0.4,82,286226,3
6,2287,12,1200,0.3,82,286226,4
6,2294,48,4800,1.19,85,286212,1
6,2295,228,22800,5.63,41,286212,2
6,2296,337,33700,8.33,41,286212,3
6,2297,150,15000,3.71,41,286212,4
6,2298,77,7700,1.9,41,286308,3
6,2299,98,9800,2.42,41,286308,1
6,2303,6,600,0.15,85,286212,2
6,2304,7,700,0.17,11,286304,1
6,2305,2,200,0.05,11,286304,2
6,2313,11,1100,0.27,41,286308,4
6,2316,1,100,0.02,11,286212,2
6,2317,2,200,0.05,43,286256,2
6,2329,1,100,0.02,11,286212,1
6,2330,2,200,0.05,43,286256,1
6,2331,1,100,0.02,82,286254,3
6,2335,25,2500,0.62,21,286266,4
6,2341,647,64700,15.99,43,286222,1
6,2348,465,46500,11.49,43,286222,2
6,2360,436,43600,10.77,43,286212,2
6,2370,211,21100,5.21,43,286212,4
6,2371,313,31300,7.73,43,286212,3
6,2375,284,28400,7.02,43,286212,1
6,2398,18,1800,0.44,43,286308,2
6,2399,18,1800,0.44,43,286308,3
6,2400,83,8300,2.05,41,286213,2
6,2401,55,5500,1.36,41,286213,1
6,2402,209,20900,5.16,43,286222,3
6,2415,5,500,0.12,43,286308,4
6,2416,114,11400,2.82,41,286213,3
6,2421,5,500,0.12,43,286308,1
6,2422,113,11300,2.79,43,286213,2
6,2426,5,500,0.12,81,286212,1
6,2427,44,4400,1.09,43,286213,4
6,2428,120,12000,2.97,43,286213,3
6,2429,72,7200,1.78,41,286213,4
6,2432,23,2300,0.57,43,286210,1
6,2433,45,4500,1.11,43,286213,1
6,2436,4,400,0.1,43,286256,3
6,2437,35,3500,0.86,43,286256,4
6,2458,472,47200,11.66,43,286284,3
6,2459,108,10800,2.67,43,286284,4
6,2468,153,15300,3.78,43,286222,4
6,2483,831,83100,20.53,43,286284,1
6,2529,36,3600,0.89,21,286214,3
6,2530,85,8500,2.1,21,286214,2
6,2534,33,3300,0.82,21,286214,1
6,2546,31,3100,0.77,41,2519932,4
6,2572,7,700,0.17,43,286294,1
6,2593,74,7400,1.83,43,2519932,4
6,2597,47,4700,1.16,20,286222,2
6,2598,74,7400,1.83,20,286222,1
6,2601,32,3200,0.79,41,286229,2
6,2602,20,2000,0.49,20,286222,4
6,2603,25,2500,0.62,20,286222,3
6,2606,555,55500,13.71,43,286229,2
6,2607,44,4400,1.09,41,286229,1
6,2608,141,14100,3.48,81,286226,2
6,2609,127,12700,3.14,81,286226,1
6,2611,60,6000,1.48,41,286229,3
6,2615,541,54100,13.37,43,286229,3
6,2630,10,1000,0.25,19,286214,3
6,2633,2,200,0.05,19,286214,4
6,2634,324,32400,8.01,43,286229,1
6,2635,316,31600,7.81,43,286229,4
6,2697,33,3300,0.82,21,286214,4
6,2698,62,6200,1.53,41,286229,4
6,2757,1001,100100,24.74,43,286284,2
6,2769,2,200,0.05,21,286284,1
6,2805,31,3100,0.77,21,286284,2
6,2806,29,2900,0.72,21,286284,3
6,2807,12,1200,0.3,21,286284,4
6,2821,193,19300,4.77,41,286240,1
6,2831,7,700,0.17,81,2519932,1
6,2838,9,900,0.22,81,2519932,2
6,2839,86,8600,2.13,81,286240,1
6,2840,136,13600,3.36,41,286240,2
6,2841,96,9600,2.37,41,286240,3
6,2854,56,5600,1.38,81,286240,2
6,2855,43,4300,1.06,81,286240,3
6,2884,187,18700,4.62,43,286240,1
6,2894,37,3700,0.91,19,286240,2
6,2895,199,19900,4.92,43,286240,2
6,2900,10,1000,0.25,19,286240,1
6,2901,1,100,0.02,81,286229,3
6,2910,1,100,0.02,81,286229,2
6,2911,658,65800,16.26,43,286223,2
6,2922,21,2100,0.52,19,286240,3
6,2923,271,27100,6.7,43,286223,1
6,2930,10,1000,0.25,61,2519932,2
6,2931,124,12400,3.06,43,286240,3
6,2938,39,3900,0.96,61,286234,2
6,2939,31,3100,0.77,61,286234,1
6,2940,249,24900,6.15,43,286240,4
6,2946,7,700,0.17,19,286240,4
6,2952,11,1100,0.27,61,286234,3
6,2953,7,700,0.17,19,2519932,4
6,2957,1,100,0.02,61,2519932,3
6,2961,1,100,0.02,19,2519932,3
6,2962,648,64800,16.01,43,286223,3
6,2973,1,100,0.02,19,2519932,1
6,2974,1,100,0.02,19,2519932,2
6,2975,13,1300,0.32,61,286229,3
6,2976,2,200,0.05,61,286229,4
6,2982,17,1700,0.42,61,286229,2
6,2983,210,21000,5.19,43,286223,4
6,2986,298,29800,7.36,41,286240,4
6,2987,3,300,0.07,61,286240,3
6,2992,10,1000,0.25,61,286240,2
6,3009,1,100,0.02,41,286309,2
6,3010,95,9500,2.35,43,286309,2
6,3011,12,1200,0.3,43,286309,1
6,3012,102,10200,2.52,43,286309,3
6,3013,9,900,0.22,61,286240,1
6,3019,244,24400,6.03,43,2399595,2
6,3020,138,13800,3.41,43,2399595,3
6,3021,3,300,0.07,61,286229,1
6,3022,36,3600,0.89,43,286309,4
6,3024,163,16300,4.03,43,2399595,1
6,3034,53,5300,1.31,43,2399595,4
6,3132,380,38000,9.39,41,286296,2
6,3142,155,15500,3.83,41,286223,2
6,3145,331,33100,8.18,43,286296,2
6,3149,104,10400,2.57,43,286296,1
6,3150,81,8100,2.0,43,286227,1
6,3160,265,26500,6.55,43,286296,3
6,3163,115,11500,2.84,43,286296,4
6,3254,195,19500,4.82,41,286296,3
6,3264,5,500,0.12,19,286284,3
6,3280,3,300,0.07,53,286226,1
6,3281,49,4900,1.21,53,286226,2
6,3282,33,3300,0.82,53,286226,3
6,3287,3,300,0.07,19,286284,2
6,3288,19,1900,0.47,19,286226,3
6,3298,1,100,0.02,19,286284,4
6,3299,3,300,0.07,19,286226,1
6,3308,1,100,0.02,19,286284,1
6,3309,11,1100,0.27,19,286226,4
6,3310,15,1500,0.37,19,286226,2
6,3325,16,1600,0.4,53,286226,4
6,3326,63,6300,1.56,85,286226,2
6,3336,18,1800,0.44,85,286226,3
6,3346,19,1900,0.47,81,286226,4
6,3347,175,17500,4.32,61,286226,2
6,3355,26,2600,0.64,81,286226,3
6,3370,31,3100,0.77,61,286226,1
6,3376,11,1100,0.27,61,286226,3
6,3381,4,400,0.1,11,286284,2
6,3387,2,200,0.05,11,286284,3
6,3388,15,1500,0.37,11,286284,1
6,3399,1,100,0.02,11,286254,4
6,3427,5,500,0.12,33,286234,3
6,3436,4,400,0.1,33,286234,1
6,3437,8,800,0.2,33,286234,2
6,3461,94,9400,2.32,41,286222,1
6,3469,6,600,0.15,33,286234,4
6,3470,56,5600,1.38,41,286222,2
6,3471,100,10000,2.47,81,286222,1
6,3478,104,10400,2.57,81,286222,2
6,3479,9,900,0.22,81,286222,3
6,3483,414,41400,10.23,81,286223,2
6,3490,7,700,0.17,85,286226,4
6,3491,109,10900,2.69,81,286223,3
6,3494,9,900,0.22,41,2399595,3
6,3495,9,900,0.22,41,2399595,4
6,3496,20,2000,0.49,43,286252,3
6,3497,67,6700,1.66,43,286252,2
6,3498,8,800,0.2,43,286252,4
6,3499,227,22700,5.61,41,286223,3
6,3510,1,100,0.02,19,2399595,4
6,3511,3,300,0.07,19,2399595,3
6,3512,10,1000,0.25,41,2399595,2
6,3513,18,1800,0.44,81,286252,3
6,3514,91,9100,2.25,41,286223,4
6,3520,9,900,0.22,33,2399595,4
6,3521,28,2800,0.69,19,2399595,2
6,3522,15,1500,0.37,19,2399595,1
6,3523,22,2200,0.54,41,2399595,1
6,3525,8,800,0.2,33,2399595,1
6,3526,43,4300,1.06,81,286223,4
6,3528,7,700,0.17,33,2399595,3
6,3529,1,100,0.02,81,286252,4
6,3534,100,10000,2.47,41,286305,1
6,3539,6,600,0.15,33,2399595,2
6,3540,7,700,0.17,21,286252,2
6,3541,1,100,0.02,81,286222,4
6,3547,4,400,0.1,21,286252,1
6,3551,50,5000,1.24,41,286223,1
6,3558,70,7000,1.73,81,286305,2
6,3559,28,2800,0.69,43,286305,1
6,3562,32,3200,0.79,81,286305,1
6,3564,3,300,0.07,61,286226,4
6,3569,36,3600,0.89,85,286296,1
6,3570,47,4700,1.16,85,286226,1
6,3571,4,400,0.1,61,286296,1
6,3572,3,300,0.07,61,286284,1
6,3583,10,1000,0.25,85,286296,2
6,3584,16,1600,0.4,85,286296,3
6,3585,1,100,0.02,81,286296,4
6,3586,12,1200,0.3,81,286296,3
6,3587,34,3400,0.84,81,286296,2
6,3588,11,1100,0.27,81,286296,1
6,3589,10,1000,0.25,61,286296,2
6,3590,4,400,0.1,61,286284,2
6,3596,77,7700,1.9,43,286253,2
6,3597,51,5100,1.26,43,286253,3
6,3598,121,12100,2.99,81,286223,1
6,3600,28,2800,0.69,43,286253,1
6,3601,36,3600,0.89,81,286253,2
6,3602,23,2300,0.57,81,286253,1
6,3603,2,200,0.05,61,286284,3
6,3604,30,3000,0.74,81,286284,2
6,3608,9,900,0.22,81,286253,3
6,3609,44,4400,1.09,21,286223,2
6,3610,12,1200,0.3,81,286294,3
6,3611,5,500,0.12,81,286294,4
6,3612,59,5900,1.46,81,286284,1
6,3615,13,1300,0.32,21,286296,1
6,3616,42,4200,1.04,21,286223,1
6,3617,90,9000,2.22,81,286294,2
6,3621,20,2000,0.49,21,286296,2
6,3622,98,9800,2.42,81,286294,1
6,3624,9,900,0.22,43,286253,4
6,3625,9,900,0.22,81,286305,3
6,3627,73,7300,1.8,43,286252,1
6,3635,26,2600,0.64,21,286296,3
6,3641,125,12500,3.09,41,286305,2
6,3642,4,400,0.1,41,286305,3
6,3644,2,200,0.05,21,286223,3
6,3648,6,600,0.15,43,286305,3
6,3658,13,1300,0.32,43,286305,2
6,3697,8,800,0.2,41,286294,2
6,3704,27,2700,0.67,41,286294,1
6,3728,270,27000,6.67,41,286307,1
6,3729,126,12600,3.11,41,286307,2
6,3730,84,8400,2.08,41,286307,3
6,3731,53,5300,1.31,82,286294,1
6,3732,23,2300,0.57,82,286294,2
6,3745,157,15700,3.88,82,286223,2
6,3752,62,6200,1.53,82,286223,3
6,3753,37,3700,0.91,82,286223,4
6,3756,81,8100,2.0,82,286307,2
6,3757,8,800,0.2,82,286294,3
6,3766,27,2700,0.67,82,286307,3
6,3767,2,200,0.05,82,286294,4
6,3797,43,4300,1.06,81,286307,1
6,3800,3,300,0.07,81,286254,1
6,3819,9,900,0.22,81,286307,2
6,3831,180,18000,4.45,82,286307,1
6,3836,160,16000,3.95,82,286223,1
6,3840,39,3900,0.96,43,286307,1
6,3841,52,5200,1.28,43,286307,2
6,3858,2,200,0.05,43,286307,3
6,3859,15,1500,0.37,82,286226,1
6,3883,251,25100,6.2,82,286222,1
6,3884,8,800,0.2,85,286307,1
6,3898,53,5300,1.31,85,286222,1
6,3908,80,8000,1.98,82,286222,2
6,4001,2,200,0.05,85,286222,2
6,4075,15,1500,0.37,81,286284,3
6,4083,5,500,0.12,81,286284,4
6,4159,52,5200,1.28,43,286210,2
6,4165,3,300,0.07,43,286210,3
6,4198,12,1200,0.3,82,286210,1
6,4200,93,9300,2.3,21,286226,2
6,4206,106,10600,2.62,21,286226,3
6,4207,3,300,0.07,82,286210,2
6,4208,48,4800,1.19,21,286226,1
6,4219,62,6200,1.53,21,286226,4
6,4238,25,2500,0.62,41,286298,3
6,4239,105,10500,2.59,41,286298,2
6,4240,152,15200,3.76,41,286298,1
6,4262,75,7500,1.85,21,286212,2
6,4263,155,15500,3.83,21,286212,3
6,4269,25,2500,0.62,21,286212,1
6,4278,145,14500,3.58,41,286233,1
6,4279,30,3000,0.74,11,286298,1
6,4286,157,15700,3.88,41,286233,2
6,4288,246,24600,6.08,81,286298,1
6,4292,9,900,0.22,21,286222,1
6,4293,86,8600,2.13,41,286233,3
6,4294,36,3600,0.89,81,286298,2
6,4295,2,200,0.05,21,286298,1
6,4299,28,2800,0.69,41,286233,4
6,4300,433,43300,10.7,81,286233,1
6,4307,9,900,0.22,21,286313,4
6,4308,4,400,0.1,21,286313,3
6,4309,3,300,0.07,21,286313,2
6,4310,271,27100,6.7,41,286313,4
6,4314,39,3900,0.96,43,286313,4
6,4320,9,900,0.22,25,286227,3
6,4321,4,400,0.1,25,286227,4
6,4322,2,200,0.05,11,286233,2
6,4323,31,3100,0.77,11,286303,1
6,4324,2,200,0.05,11,286233,3
6,4329,9,900,0.22,25,286227,2
6,4330,46,4600,1.14,25,286223,1
6,4331,3,300,0.07,25,286227,1
6,4332,5,500,0.12,41,286303,1
6,4333,97,9700,2.4,81,286233,2
6,4335,11,1100,0.27,21,286222,2
6,4336,17,1700,0.42,25,286223,2
6,4337,4,400,0.1,11,286303,2
6,4340,28,2800,0.69,41,286293,2
6,4341,6,600,0.15,41,286293,3
6,4342,42,4200,1.04,41,286293,1
6,4343,2,200,0.05,41,286303,2
6,4346,3,300,0.07,11,286287,1
6,4347,70,7000,1.73,41,286287,3
6,4352,374,37400,9.24,41,286287,1
6,4353,177,17700,4.37,41,286287,2
6,4358,1,100,0.02,25,286223,3
6,4375,3,300,0.07,20,286223,1
6,4386,1,100,0.02,20,286223,2
6,4387,5,500,0.12,82,286296,3
6,4388,23,2300,0.57,82,286296,2
6,4389,27,2700,0.67,82,286296,1
6,4398,4,400,0.1,25,286296,2
6,4399,1,100,0.02,25,286296,1
6,4405,72,7200,1.78,41,286287,4
6,4436,12,1200,0.3,81,286233,3
6,4439,44,4400,1.09,21,286212,4
6,4441,1,100,0.02,81,286233,4
6,4460,26,2600,0.64,81,286234,1
6,4473,1,100,0.02,41,286298,4
6,4474,17,1700,0.42,43,286287,1
6,4476,67,6700,1.66,81,286287,1
6,4477,27,2700,0.67,81,286287,2
6,4478,14,1400,0.35,81,286234,2
6,4481,3,300,0.07,81,286298,3
6,4482,9,900,0.22,81,286287,3
6,4483,51,5100,1.26,81,286240,4
6,4484,26,2600,0.64,81,286249,1
6,4492,3,300,0.07,43,286298,2
6,4493,1,100,0.02,81,286249,4
6,4494,32,3200,0.79,81,286249,2
6,4498,15,1500,0.37,43,286298,1
6,4499,19,1900,0.47,81,286287,4
6,4500,8,800,0.2,81,286249,3
6,4503,1,100,0.02,43,286287,2
6,4504,5,500,0.12,20,286249,3
6,4505,26,2600,0.64,20,286249,2
6,4506,4,400,0.1,20,286233,2
6,4507,5,500,0.12,20,286233,1
6,4510,15,1500,0.37,21,286240,4
6,4511,10,1000,0.25,21,286287,4
6,4512,7,700,0.17,21,286287,2
6,4513,21,2100,0.52,20,286249,1
6,4521,5,500,0.12,21,286287,3
6,4527,7,700,0.17,81,286234,3
6,4530,401,40100,9.91,43,286233,1
6,4531,330,33000,8.15,82,286233,1
6,4534,9,900,0.22,21,286240,1
6,4537,1,100,0.02,20,286234,2
6,4540,94,9400,2.32,43,286265,2
6,4541,23,2300,0.57,82,286234,3
6,4542,94,9400,2.32,82,286233,2
6,4545,67,6700,1.66,82,286249,1
6,4546,25,2500,0.62,82,286249,2
6,4551,10,1000,0.25,21,286240,2
6,4552,19,1900,0.47,21,286240,3
6,4553,15,1500,0.37,82,286234,4
6,4559,30,3000,0.74,43,286265,3
6,4560,20,2000,0.49,81,286212,4
6,4561,5,500,0.12,81,286212,3
6,4562,6,600,0.15,81,286212,2
6,4563,6,600,0.15,21,286233,2
6,4564,12,1200,0.3,82,286249,4
6,4565,47,4700,1.16,82,286234,2
6,4568,27,2700,0.67,81,286227,3
6,4569,25,2500,0.62,82,286233,3
6,4574,11,1100,0.27,81,286227,4
6,4575,13,1300,0.32,21,286233,1
6,4576,13,1300,0.32,82,286249,3
6,4584,67,6700,1.66,43,286265,1
6,4593,1,100,0.02,21,286296,4
6,4594,58,5800,1.43,82,286234,1
6,4596,52,5200,1.28,43,286264,1
6,4597,1,100,0.02,21,286233,3
6,4608,9,900,0.22,82,286240,4
6,4615,3,300,0.07,81,286265,2
6,4623,18,1800,0.44,82,286240,2
6,4624,4,400,0.1,81,286265,3
6,4625,32,3200,0.79,82,286240,1
6,4629,28,2800,0.69,82,286240,3
6,4643,6,600,0.15,81,286265,1
6,4644,1,100,0.02,33,286223,4
6,4645,14,1400,0.35,33,286223,3
6,4665,24,2400,0.59,33,286223,2
6,4681,4,400,0.1,41,286249,4
6,4692,2,200,0.05,33,286223,1
6,4693,1,100,0.02,81,286227,2
6,4698,19,1900,0.47,82,286265,2
6,4699,3,300,0.07,82,286233,4
6,4701,20,2000,0.49,82,286265,3
6,4705,18,1800,0.44,82,286265,1
6,4709,7,700,0.17,71,286227,4
6,4710,101,10100,2.5,41,3400380,2
6,4711,892,89200,22.04,41,3400380,1
6,4714,4,400,0.1,71,286227,3
6,4719,4,400,0.1,71,286227,2
6,4721,2,200,0.05,71,286284,2
6,4722,8,800,0.2,71,286284,3
6,4723,6,600,0.15,71,286226,2
6,4724,11,1100,0.27,71,286226,3
6,4725,1,100,0.02,82,286298,1
6,4735,14,1400,0.35,82,286239,1
6,4745,31,3100,0.77,41,286239,1
6,4757,4,400,0.1,41,286239,3
6,4765,7,700,0.17,19,286223,3
6,4773,14,1400,0.35,19,286227,3
6,4774,1,100,0.02,41,286239,2
6,4775,28,2800,0.69,71,286239,1
6,4776,25,2500,0.62,43,286233,3
6,4782,17,1700,0.42,19,286223,2
6,4783,30,3000,0.74,19,286224,2
6,4784,176,17600,4.35,43,286239,1
6,4785,117,11700,2.89,43,286233,2
6,4792,25,2500,0.62,19,286224,3
6,4793,9,900,0.22,71,286239,2
6,4799,415,41500,10.25,41,286274,1
6,4804,15,1500,0.37,19,286224,4
6,4806,1,100,0.02,41,286224,2
6,4807,8,800,0.2,41,286224,3
6,4808,31,3100,0.77,41,286224,4
6,4809,1,100,0.02,71,286239,3
6,4810,58,5800,1.43,43,286239,2
6,4814,4,400,0.1,19,286223,1
6,4815,83,8300,2.05,41,286307,4
6,4824,53,5300,1.31,41,3400380,4
6,4825,16,1600,0.4,71,286240,1
6,4835,3,300,0.07,71,286240,4
6,4838,39,3900,0.96,41,3400380,3
6,4839,7,700,0.17,71,286240,3
6,4840,16,1600,0.4,71,286240,2
6,4848,5,500,0.12,71,286274,1
6,4856,2,200,0.05,19,286224,1
6,4862,1,100,0.02,19,286227,4
6,4867,9,900,0.22,43,286239,3
6,4870,1,100,0.02,19,286222,3
6,4876,2,200,0.05,82,286222,3
6,4877,4,400,0.1,82,286227,2
6,4878,5,500,0.12,82,286227,3
6,4884,5,500,0.12,43,3400380,3
6,4892,8,800,0.2,43,3400380,2
6,4893,27,2700,0.67,41,286274,2
6,4899,6,600,0.15,43,286233,4
6,4908,4,400,0.1,41,286274,3
6,4909,3,300,0.07,41,286274,4
6,4913,7,700,0.17,71,286233,2
6,4916,3,300,0.07,71,286234,4
6,4917,8,800,0.2,71,286233,3
6,4938,2,200,0.05,71,286234,3
6,4939,3,300,0.07,71,286233,1
6,4976,12,1200,0.3,43,3400380,4
6,5047,49,4900,1.21,41,286204,1
6,5052,9,900,0.22,43,286204,2
6,5053,87,8700,2.15,43,286204,1
6,5072,14,1400,0.35,41,286204,2
6,5107,6,600,0.15,41,286204,3
6,5111,6,600,0.15,41,286204,4
6,5112,7,700,0.17,43,286204,4
6,5125,4,400,0.1,43,286204,3
6,5148,64,6400,1.58,43,3400380,1
7,1041,193,19300,4.77,43,286311,1
7,1075,263,26300,6.5,43,286311,2
7,1093,30,3000,0.74,20,286311,2
7,1100,18,1800,0.44,20,286311,1
7,1108,5,500,0.12,20,286311,3
7,1114,91,9100,2.25,43,286311,3
7,1115,19,1900,0.47,43,286311,4
7,1141,163,16300,4.03,43,286226,3
7,1144,303,30300,7.49,43,286226,2
7,1146,136,13600,3.36,43,286226,1
7,1147,61,6100,1.51,43,286226,4
7,1223,598,59800,14.78,43,286229,4
7,1224,845,84500,20.88,43,286229,3
7,1225,629,62900,15.54,43,286229,2
7,1226,144,14400,3.56,43,286264,2
7,1231,270,27000,6.67,43,286229,1
7,1233,12,1200,0.3,20,286264,3
7,1234,27,2700,0.67,20,286264,2
7,1235,21,2100,0.52,20,286264,1
7,1236,46,4600,1.14,20,286229,3
7,1237,95,9500,2.35,43,286264,1
7,1245,221,22100,5.46,43,286223,2
7,1246,210,21000,5.19,43,286223,1
7,1251,177,17700,4.37,43,286223,3
7,1256,100,10000,2.47,43,286223,4
7,1261,60,6000,1.48,20,286229,4
7,1264,1,100,0.02,20,286264,4
7,1277,17,1700,0.42,20,286229,2
7,1285,86,8600,2.13,43,286264,3
7,1324,5,500,0.12,20,286229,1
7,1330,5,500,0.12,43,286307,1
7,1348,28,2800,0.69,41,286229,1
7,1359,96,9600,2.37,41,286229,3
7,1370,146,14600,3.61,41,286229,4
7,1377,107,10700,2.64,41,286227,2
7,1378,99,9900,2.45,41,286227,3
7,1379,2,200,0.05,43,286227,4
7,1380,38,3800,0.94,41,286227,4
7,1381,21,2100,0.52,20,286227,4
7,1382,88,8800,2.17,41,286229,2
7,1393,19,1900,0.47,41,286223,2
7,1409,14,1400,0.35,41,286223,3
7,1410,63,6300,1.56,41,286227,1
7,1426,153,15300,3.78,55,286223,1
7,1427,236,23600,5.83,55,286223,2
7,1441,13,1300,0.32,41,286223,4
7,1442,13,1300,0.32,20,286227,2
7,1456,29,2900,0.72,41,286296,1
7,1457,15,1500,0.37,20,286227,3
7,1467,15,1500,0.37,41,286296,3
7,1476,163,16300,4.03,55,286223,3
7,1477,22,2200,0.54,41,286296,4
7,1478,30,3000,0.74,41,286296,2
7,1542,2,200,0.05,43,286296,3
7,1543,1,100,0.02,43,286296,4
7,1544,14,1400,0.35,20,286296,4
7,1545,7,700,0.17,20,286296,3
7,1546,4,400,0.1,20,286296,1
7,1557,10,1000,0.25,20,286296,2
7,1563,8,800,0.2,20,286227,1
7,1592,1,100,0.02,20,286223,3
7,1603,1,100,0.02,20,286223,4
7,1622,16,1600,0.4,24,286223,1
7,1623,205,20500,5.07,41,286284,3
7,1633,8,800,0.2,24,286223,2
7,1634,113,11300,2.79,41,286284,4
7,1665,462,46200,11.42,41,286284,2
7,1666,402,40200,9.93,41,286284,1
7,1717,26,2600,0.64,21,286223,1
7,1718,25,2500,0.62,21,286223,2
7,1719,18,1800,0.44,21,286223,3
7,1720,10,1000,0.25,21,286223,4
7,1734,268,26800,6.62,41,286256,2
7,1735,122,12200,3.01,41,286256,1
7,1751,6,600,0.15,20,286284,1
7,1752,16,1600,0.4,20,286284,2
7,1753,392,39200,9.69,41,286256,3
7,1754,33,3300,0.82,21,286256,3
7,1770,9,900,0.22,20,286284,3
7,1771,8,800,0.2,20,286284,4
7,1772,67,6700,1.66,21,286256,2
7,1773,39,3900,0.96,21,286256,1
7,1788,20,2000,0.49,41,286223,1
7,1813,388,38800,9.59,41,286254,2
7,1814,205,20500,5.07,41,286254,3
7,1815,83,8300,2.05,41,286254,4
7,1816,22,2200,0.54,23,286256,2
7,1823,7,700,0.17,21,286254,2
7,1824,1,100,0.02,23,286284,2
7,1838,9,900,0.22,21,286254,3
7,1839,1,100,0.02,21,286254,4
7,1840,15,1500,0.37,23,286256,3
7,1849,221,22100,5.46,41,286254,1
7,1850,21,2100,0.52,23,286256,1
7,1879,702,70200,17.35,41,286256,4
7,1880,15,1500,0.37,23,286256,4
7,1903,2,200,0.05,21,286256,4
7,1918,63,6300,1.56,20,286256,2
7,1919,22,2200,0.54,20,286256,1
7,1932,31,3100,0.77,41,286307,4
7,1941,60,6000,1.48,41,286307,3
7,1959,1,100,0.02,20,286307,3
7,1960,6,600,0.15,20,286307,4
7,1968,85,8500,2.1,20,286256,3
7,1982,122,12200,3.01,41,286307,2
7,1990,42,4200,1.04,20,286256,4
7,1999,71,7100,1.75,41,286307,1
7,2049,4,400,0.1,41,286308,1
7,2053,9,900,0.22,41,286308,2
7,2056,1,100,0.02,41,286308,3
7,2072,4,400,0.1,41,286302,2
7,2073,9,900,0.22,41,286302,1
7,2077,7,700,0.17,55,286302,1
7,2081,4,400,0.1,41,286302,3
7,2096,5,500,0.12,61,286256,1
7,2105,39,3900,0.96,21,286229,1
7,2106,53,5300,1.31,21,286229,2
7,2107,44,4400,1.09,21,286226,3
7,2108,18,1800,0.44,21,286226,2
7,2109,162,16200,4.0,21,286313,2
7,2110,413,41300,10.21,21,286313,1
7,2116,66,6600,1.63,43,286254,1
7,2118,9,900,0.22,21,286229,3
7,2119,44,4400,1.09,21,286226,4
7,2120,13,1300,0.32,21,286226,1
7,2124,15,1500,0.37,43,286254,2
7,2126,442,44200,10.92,82,286313,1
7,2135,21,2100,0.52,20,286254,1
7,2136,21,2100,0.52,20,286254,2
7,2140,151,15100,3.73,82,286313,2
7,2171,39,3900,0.96,21,286313,3
7,2203,23,2300,0.57,21,286284,2
7,2204,12,1200,0.3,21,286284,3
7,2208,5,500,0.12,91,286284,2
7,2209,3,300,0.07,21,286284,4
7,2210,2,200,0.05,21,286313,4
7,2219,420,42000,10.38,43,286313,2
7,2223,50,5000,1.24,91,286284,1
7,2224,211,21100,5.21,43,286284,2
7,2225,294,29400,7.26,43,286284,1
7,2232,16,1600,0.4,55,286284,2
7,2233,10,1000,0.25,55,286284,3
7,2234,3,300,0.07,55,286284,4
7,2235,54,5400,1.33,43,286284,3
7,2243,47,4700,1.16,55,286256,3
7,2251,59,5900,1.46,55,286256,2
7,2254,378,37800,9.34,43,286313,1
7,2260,10,1000,0.25,43,286254,3
7,2261,10,1000,0.25,43,286254,4
7,2262,16,1600,0.4,20,286254,4
7,2263,16,1600,0.4,20,286254,3
7,2264,7,700,0.17,55,286256,4
7,2265,13,1300,0.32,41,286253,1
7,2267,5,500,0.12,43,286284,4
7,2274,34,3400,0.84,55,286256,1
7,2276,19,1900,0.47,43,286313,4
7,2277,162,16200,4.0,43,286313,3
7,2288,39,3900,0.96,55,286253,1
7,2289,60,6000,1.48,55,286226,1
7,2290,40,4000,0.99,55,286226,3
7,2300,122,12200,3.01,55,286209,2
7,2301,20,2000,0.49,55,286226,4
7,2308,4,400,0.1,55,286284,1
7,2310,270,27000,6.67,55,286209,1
7,2314,147,14700,3.63,41,286226,4
7,2315,47,4700,1.16,55,286226,2
7,2320,137,13700,3.39,41,286226,3
7,2321,53,5300,1.31,55,286223,4
7,2322,19,1900,0.47,11,286284,1
7,2323,47,4700,1.16,55,286209,3
7,2324,46,4600,1.14,55,286209,4
7,2332,1,100,0.02,11,286256,1
7,2333,40,4000,0.99,82,286313,3
7,2336,4,400,0.1,11,286209,2
7,2337,14,1400,0.35,11,286209,1
7,2338,572,57200,14.13,55,286234,1
7,2339,9,900,0.22,82,286313,4
7,2344,104,10400,2.57,43,286234,3
7,2345,112,11200,2.77,43,286234,2
7,2346,496,49600,12.26,55,286234,2
7,2352,123,12300,3.04,43,286234,4
7,2353,361,36100,8.92,55,286234,3
7,2359,15,1500,0.37,41,286226,1
7,2365,25,2500,0.62,20,286226,4
7,2366,56,5600,1.38,41,286226,2
7,2367,195,19500,4.82,41,286313,2
7,2368,259,25900,6.4,41,286313,1
7,2372,28,2800,0.69,20,286226,3
7,2373,4,400,0.1,55,286229,4
7,2374,170,17000,4.2,43,286234,1
7,2383,16,1600,0.4,20,286226,2
7,2384,48,4800,1.19,85,286313,2
7,2394,198,19800,4.89,85,286313,1
7,2408,72,7200,1.78,55,286240,3
7,2409,100,10000,2.47,55,286240,2
7,2410,18,1800,0.44,55,286240,1
7,2431,18,1800,0.44,22,286313,1
7,2441,14,1400,0.35,11,286234,2
7,2442,134,13400,3.31,11,286303,1
7,2443,5,500,0.12,11,286234,1
7,2448,3,300,0.07,20,286226,1
7,2449,585,58500,14.46,43,286209,2
7,2450,29,2900,0.72,41,286234,2
7,2451,160,16000,3.95,55,286234,4
7,2454,35,3500,0.86,41,286234,3
7,2455,5,500,0.12,11,286234,3
7,2456,68,6800,1.68,41,286234,4
7,2463,15,1500,0.37,11,286303,2
7,2466,35,3500,0.86,55,286298,2
7,2469,503,50300,12.43,43,286209,3
7,2470,23,2300,0.57,55,286298,3
7,2476,509,50900,12.58,43,286209,1
7,2477,31,3100,0.77,55,286298,1
7,2478,101,10100,2.5,41,286213,4
7,2479,41,4100,1.01,41,286313,3
7,2480,2,200,0.05,22,286313,2
7,2482,22,2200,0.54,41,286234,1
7,2489,55,5500,1.36,55,286233,1
7,2490,50,5000,1.24,55,286233,2
7,2491,82,8200,2.03,41,286213,3
7,2495,2,200,0.05,55,286298,4
7,2496,130,13000,3.21,41,286213,2
7,2497,3,300,0.07,11,286303,3
7,2498,21,2100,0.52,55,286282,3
7,2500,3,300,0.07,55,286282,4
7,2501,33,3300,0.82,55,286282,2
7,2502,79,7900,1.95,55,286282,1
7,2506,451,45100,11.14,43,286209,4
7,2509,1,100,0.02,43,286298,3
7,2510,85,8500,2.1,41,286213,1
7,2514,12,1200,0.3,43,286282,2
7,2515,4,400,0.1,43,286298,2
7,2516,1,100,0.02,43,286298,1
7,2525,20,2000,0.49,43,286282,1
7,2526,5,500,0.12,82,286279,1
7,2533,133,13300,3.29,43,286279,1
7,2539,298,29800,7.36,43,286213,2
7,2545,5,500,0.12,43,286282,3
7,2547,2,200,0.05,43,286298,4
7,2548,55,5500,1.36,55,286240,4
7,2549,220,22000,5.44,43,286213,1
7,2550,196,19600,4.84,43,286213,3
7,2552,11,1100,0.27,55,286233,3
7,2553,203,20300,5.02,43,286279,2
7,2557,698,69800,17.25,43,286240,2
7,2564,1027,102700,25.38,43,286240,4
7,2565,104,10400,2.57,43,286213,4
7,2570,743,74300,18.36,43,286240,3
7,2571,2,200,0.05,53,286213,4
7,2575,4,400,0.1,53,286213,2
7,2576,5,500,0.12,53,286213,3
7,2577,2,200,0.05,53,286313,4
7,2578,11,1100,0.27,53,286313,3
7,2580,54,5400,1.33,82,286213,1
7,2581,19,1900,0.47,53,286313,2
7,2587,1,100,0.02,82,286213,4
7,2588,27,2700,0.67,82,286213,2
7,2590,4,400,0.1,82,286213,3
7,2591,21,2100,0.52,53,286313,1
7,2595,146,14600,3.61,43,286233,2
7,2596,1,100,0.02,55,286213,2
7,2605,9,900,0.22,55,286233,4
7,2610,38,3800,0.94,43,286288,1
7,2613,15,1500,0.37,55,286288,1
7,2614,25,2500,0.62,43,286288,2
7,2619,111,11100,2.74,43,286287,4
7,2620,119,11900,2.94,43,286287,3
7,2621,487,48700,12.03,43,286287,1
7,2622,174,17400,4.3,43,286287,2
7,2623,18,1800,0.44,55,286288,2
7,2624,23,2300,0.57,43,286288,3
7,2627,19,1900,0.47,55,286288,3
7,2631,4,400,0.1,82,286264,1
7,2632,13,1300,0.32,82,286284,1
7,2639,1,100,0.02,82,286264,2
7,2653,6,600,0.15,41,286287,4
7,2654,708,70800,17.5,43,286240,1
7,2667,18,1800,0.44,41,286287,3
7,2668,28,2800,0.69,41,286287,2
7,2669,36,3600,0.89,21,286213,2
7,2670,20,2000,0.49,21,286213,1
7,2671,68,6800,1.68,21,286213,3
7,2675,111,11100,2.74,41,286287,1
7,2676,3,300,0.07,55,286288,4
7,2677,47,4700,1.16,21,286213,4
7,2678,128,12800,3.16,21,286264,3
7,2679,166,16600,4.1,21,286264,2
7,2684,25,2500,0.62,21,286264,4
7,2685,78,7800,1.93,21,286264,1
7,2695,17,1700,0.42,43,286288,4
7,2696,80,8000,1.98,41,286240,4
7,2705,34,3400,0.84,43,286212,4
7,2706,13,1300,0.32,43,286222,4
7,2707,53,5300,1.31,43,286233,4
7,2708,47,4700,1.16,41,286240,2
7,2709,26,2600,0.64,21,286284,1
7,2717,179,17900,4.42,43,286212,3
7,2718,305,30500,7.54,43,286212,2
7,2719,41,4100,1.01,43,286222,2
7,2720,36,3600,0.89,41,286240,1
7,2723,4,400,0.1,82,286240,4
7,2724,37,3700,0.91,82,286222,3
7,2725,17,1700,0.42,43,286222,1
7,2726,10,1000,0.25,55,286213,1
7,2736,4,400,0.1,82,286240,3
7,2737,77,7700,1.9,82,286222,2
7,2743,2,200,0.05,82,286240,2
7,2744,38,3800,0.94,82,286222,1
7,2745,41,4100,1.01,41,286240,3
7,2749,4,400,0.1,82,286240,1
7,2756,526,52600,13.0,43,286212,1
7,2767,7,700,0.17,41,286222,1
7,2777,5,500,0.12,41,286222,2
7,2790,4,400,0.1,82,286209,1
7,2791,15,1500,0.37,43,286222,3
7,2801,5,500,0.12,82,286209,2
7,2802,1,100,0.02,41,286222,3
7,2803,1,100,0.02,41,286288,3
7,2804,193,19300,4.77,43,286239,2
7,2818,12,1200,0.3,82,286212,3
7,2827,6,600,0.15,82,286222,4
7,2828,450,45000,11.12,43,286239,1
7,2829,155,15500,3.83,43,286239,3
7,2830,9,900,0.22,43,286264,4
7,2849,3,300,0.07,82,286212,4
7,2850,2,200,0.05,82,286287,1
7,2857,2,200,0.05,82,286287,2
7,2880,150,15000,3.71,43,286233,3
7,2889,3,300,0.07,82,286233,4
7,2890,22,2200,0.54,82,286233,3
7,2891,166,16600,4.1,82,286233,1
7,2898,50,5000,1.24,82,286233,2
7,2920,138,13800,3.41,43,286233,1
7,2929,159,15900,3.93,82,286239,1
7,2951,182,18200,4.5,43,286269,1
7,2980,9,900,0.22,82,286239,2
7,3018,113,11300,2.79,43,286269,2
7,3023,30,3000,0.74,19,286239,1
7,3032,122,12200,3.01,43,286239,4
7,3033,74,7400,1.83,20,286313,2
7,3045,12,1200,0.3,19,286239,2
7,3046,2,200,0.05,11,286209,3
7,3047,17,1700,0.42,20,286313,1
7,3056,22,2200,0.54,20,286269,2
7,3070,11,1100,0.27,19,286239,3
7,3071,22,2200,0.54,20,286269,3
7,3072,17,1700,0.42,20,286269,1
7,3073,28,2800,0.69,20,286313,3
7,3074,100,10000,2.47,21,286279,1
7,3077,2,200,0.05,19,286287,3
7,3078,12,1200,0.3,20,286209,3
7,3079,4,400,0.1,20,286213,3
7,3086,26,2600,0.64,20,286209,2
7,3087,208,20800,5.14,41,286279,2
7,3088,192,19200,4.74,41,286279,1
7,3089,4,400,0.1,19,286239,4
7,3090,55,5500,1.36,43,286279,3
7,3091,76,7600,1.88,21,286279,2
7,3094,22,2200,0.54,11,286287,1
7,3095,7,700,0.17,11,286287,2
7,3096,5,500,0.12,11,286287,3
7,3097,6,600,0.15,20,286269,4
7,3100,27,2700,0.67,20,286209,1
7,3101,1,100,0.02,20,286313,4
7,3102,24,2400,0.59,20,286279,2
7,3104,72,7200,1.78,43,286269,3
7,3105,47,4700,1.16,20,286279,1
7,3108,2,200,0.05,11,286239,3
7,3109,4,400,0.1,20,286279,3
7,3110,89,8900,2.2,81,286279,1
7,3116,1,100,0.02,43,286303,1
7,3120,1,100,0.02,43,286303,3
7,3121,1,100,0.02,11,286303,4
7,3122,57,5700,1.41,43,286269,4
7,3126,63,6300,1.56,41,286279,3
7,3127,15,1500,0.37,21,286279,3
7,3134,2,200,0.05,20,286209,4
7,3140,299,29900,7.39,43,2519932,1
7,3141,99,9900,2.45,91,2519932,1
7,3148,7,700,0.17,91,2519932,2
7,3152,19,1900,0.47,43,2519932,2
7,3156,2,200,0.05,81,286279,2
7,3166,8,800,0.2,43,2519932,3
7,3167,1,100,0.02,91,286209,1
7,3169,1,100,0.02,91,286209,3
7,3170,1,100,0.02,91,2519932,3
7,3172,4,400,0.1,43,2519932,4
7,3180,350,35000,8.65,43,286204,2
7,3181,29,2900,0.72,43,286204,4
7,3185,7,700,0.17,43,2399595,1
7,3186,433,43300,10.7,43,286204,1
7,3187,6,600,0.15,20,286240,3
7,3188,5,500,0.12,20,286240,2
7,3189,4,400,0.1,20,2399595,1
7,3190,8,800,0.2,82,2399595,1
7,3191,33,3300,0.82,82,286234,2
7,3192,20,2000,0.49,21,286234,1
7,3193,39,3900,0.96,21,286204,1
7,3194,81,8100,2.0,43,286204,3
7,3195,15,1500,0.37,20,286240,4
7,3196,1,100,0.02,20,286240,1
7,3197,7,700,0.17,20,2399595,2
7,3198,22,2200,0.54,82,286234,3
7,3200,14,1400,0.35,82,286234,1
7,3203,1,100,0.02,20,2399595,3
7,3204,8,800,0.2,82,2399595,2
7,3210,1,100,0.02,21,286234,2
7,3215,2,200,0.05,21,286234,3
7,3216,1,100,0.02,21,286204,3
7,3221,4,400,0.1,43,286249,1
7,3222,35,3500,0.86,41,286311,2
7,3223,61,6100,1.51,41,286311,1
7,3226,84,8400,2.08,43,286310,3
7,3227,3,300,0.07,21,286204,2
7,3231,131,13100,3.24,43,286310,4
7,3232,113,11300,2.79,43,286310,2
7,3233,10,1000,0.25,82,2399595,3
7,3234,22,2200,0.54,82,286204,1
7,3239,309,30900,7.64,43,286310,1
7,3241,6,600,0.15,33,286234,3
7,3242,35,3500,0.86,33,286234,2
7,3243,33,3300,0.82,33,2399595,2
7,3244,31,3100,0.77,33,286234,1
7,3245,9,900,0.22,21,286311,2
7,3249,15,1500,0.37,33,286240,2
7,3250,163,16300,4.03,33,2399595,1
7,3251,11,1100,0.27,33,2399595,4
7,3252,10,1000,0.25,21,286311,1
7,3261,22,2200,0.54,33,286240,3
7,3262,15,1500,0.37,33,2399595,3
7,3263,5,500,0.12,41,286311,3
7,3270,26,2600,0.64,33,286240,4
7,3279,11,1100,0.27,33,286240,1
7,3286,3,300,0.07,82,286204,2
7,3296,40,4000,0.99,33,286204,2
7,3323,108,10800,2.67,33,286204,1
7,3344,11,1100,0.27,91,286240,1
7,3352,8,800,0.2,91,286310,1
7,3362,120,12000,2.97,91,2519931,1
7,3375,56,5600,1.38,43,2519931,1
7,3398,6,600,0.15,33,286204,3
7,3419,16,1600,0.4,19,286311,2
7,3420,5,500,0.12,19,286311,1
7,3430,5,500,0.12,43,2399595,2
7,3431,110,11000,2.72,24,286204,2
7,3432,6,600,0.15,19,286311,3
7,3442,2,200,0.05,43,2399595,3
7,3443,11,1100,0.27,24,2399595,1
7,3444,276,27600,6.82,24,286204,1
7,3449,2,200,0.05,24,2399595,2
7,3450,54,5400,1.33,24,286204,3
7,3451,1,100,0.02,19,286311,4
7,3460,16,1600,0.4,19,286307,1
7,3466,25,2500,0.62,41,286212,1
7,3467,2,200,0.05,19,286307,3
7,3474,49,4900,1.21,24,286240,1
7,3475,8,800,0.2,19,286307,2
7,3476,1059,105900,26.17,41,2519931,1
7,3481,15,1500,0.37,24,286204,4
7,3482,3,300,0.07,41,286212,2
7,3487,1,100,0.02,53,286212,2
7,3488,6,600,0.15,53,286212,1
7,3489,2,200,0.05,53,286307,1
7,3493,12,1200,0.3,25,286240,3
7,3503,762,76200,18.83,41,2519932,1
7,3504,6,600,0.15,25,286240,2
7,3505,2,200,0.05,53,286307,2
7,3509,12,1200,0.3,24,286240,2
7,3518,1,100,0.02,25,286240,4
7,3519,6,600,0.15,24,286240,3
7,3531,6,600,0.15,24,286240,4
7,3538,8,800,0.2,25,286240,1
7,3546,11,1100,0.27,25,2519932,1
7,3553,7,700,0.17,41,2519932,3
7,3556,59,5900,1.46,85,286204,2
7,3563,125,12500,3.09,85,286204,1
7,3568,12,1200,0.3,85,286204,3
7,3579,34,3400,0.84,41,286301,3
7,3580,37,3700,0.91,43,286301,3
7,3581,41,4100,1.01,43,286301,2
7,3595,33,3300,0.82,41,286301,4
7,3607,30,3000,0.74,41,286301,2
7,3613,21,2100,0.52,41,2519932,2
7,3614,93,9300,2.3,43,286301,1
7,3619,36,3600,0.89,43,286301,4
7,3623,25,2500,0.62,41,286301,1
7,3631,3,300,0.07,41,2519932,4
7,3633,355,35500,8.77,85,286208,1
7,3634,194,19400,4.79,43,286208,1
7,3636,56,5600,1.38,85,286208,2
7,3637,2,200,0.05,85,286212,1
7,3640,2,200,0.05,85,286212,2
7,3643,113,11300,2.79,43,286208,2
7,3654,109,10900,2.69,43,286208,3
7,3655,96,9600,2.37,43,286208,4
7,3668,6,600,0.15,25,286301,4
7,3669,25,2500,0.62,25,286301,3
7,3670,6,600,0.15,25,286301,2
7,3672,3,300,0.07,25,2519932,3
7,3673,18,1800,0.44,25,286208,2
7,3674,13,1300,0.32,25,286208,3
7,3678,28,2800,0.69,25,286208,1
7,3682,1,100,0.02,25,286301,1
7,3683,44,4400,1.09,24,286208,2
7,3701,28,2800,0.69,24,286208,3
7,3710,56,5600,1.38,24,286208,1
7,3714,46,4600,1.14,82,286208,3
7,3720,10,1000,0.25,53,286208,3
7,3721,100,10000,2.47,82,286208,2
7,3722,444,44400,10.97,82,286208,1
7,3735,9,900,0.22,53,286240,3
7,3736,12,1200,0.3,53,286208,2
7,3749,11,1100,0.27,53,286240,2
7,3771,28,2800,0.69,53,286269,1
7,3772,7,700,0.17,53,286240,4
7,3773,8,800,0.2,53,286240,1
7,3774,3,300,0.07,53,286208,1
7,3782,6,600,0.15,53,286269,2
7,3783,27,2700,0.67,53,286269,3
7,3784,13,1300,0.32,24,286208,4
7,3788,1,100,0.02,43,2519931,2
7,3792,22,2200,0.54,41,2519931,2
7,3794,14,1400,0.35,41,2519931,3
7,3795,11,1100,0.27,41,2519931,4
7,3803,3,300,0.07,53,286269,4
7,3815,2,200,0.05,85,286208,3
7,3816,2,200,0.05,82,286208,4
7,3817,31,3100,0.77,55,286208,1
7,3829,8,800,0.2,55,286208,2
7,3876,3,300,0.07,43,2519931,3
7,3885,5,500,0.12,81,286208,2
7,3890,59,5900,1.46,81,286208,1
7,3901,27,2700,0.67,41,286208,1
7,3924,2,200,0.05,41,286208,2
8,2551,1260,126000,31.14,43,286226,1
8,2555,272,27200,6.72,43,286294,1
8,2558,160,16000,3.95,43,286222,1
8,2559,174,17400,4.3,43,286294,2
8,2612,768,76800,18.98,43,286284,1
8,2746,172,17200,4.25,43,286222,2
8,2750,495,49500,12.23,43,286284,2
8,2770,18,1800,0.44,43,286294,3
8,2780,22,2200,0.54,43,286222,3
8,2784,14,1400,0.35,43,286222,4
8,2785,1886,188600,46.6,43,286226,2
8,2793,187,18700,4.62,43,286284,3
8,2794,12,1200,0.3,43,286294,4
8,2795,1600,160000,39.54,43,286226,4
8,2796,1745,174500,43.12,43,286226,3
8,2808,119,11900,2.94,43,286284,4
8,2809,631,63100,15.59,41,286284,3
8,2810,2,200,0.05,41,286294,3
8,2811,2,200,0.05,41,286294,4
8,2813,26,2600,0.64,41,286222,3
8,2814,432,43200,10.67,41,286226,3
8,2815,221,22100,5.46,41,286226,4
8,2822,203,20300,5.02,41,286222,2
8,2823,1671,167100,41.29,41,286284,2
8,2824,734,73400,18.14,41,286226,2
8,2842,1960,196000,48.43,41,286284,1
8,2843,588,58800,14.53,41,286226,1
8,2861,56,5600,1.38,41,286222,1
8,2875,197,19700,4.87,41,286313,2
8,2876,197,19700,4.87,41,286313,1
8,2902,108,10800,2.67,43,286313,1
8,2947,158,15800,3.9,43,286313,2
8,2948,294,29400,7.26,41,286296,3
8,2988,907,90700,22.41,41,286296,2
8,3092,1,100,0.02,41,286313,3
8,3123,407,40700,10.06,41,286296,1
8,3136,285,28500,7.04,43,286296,1
8,3151,357,35700,8.82,43,286296,2
8,3175,16,1600,0.4,41,286279,1
8,3176,120,12000,2.97,43,286296,3
8,3182,12,1200,0.3,41,286279,2
8,3183,18,1800,0.44,43,286296,4
8,3201,1,100,0.02,20,286279,2
8,3205,2,200,0.05,20,286311,1
8,3206,84,8400,2.08,41,286311,1
8,3207,61,6100,1.51,41,286311,2
8,3217,5,500,0.12,41,286311,3
8,3228,31,3100,0.77,20,286284,1
8,3240,12,1200,0.3,20,286284,2
8,3246,81,8100,2.0,21,286255,3
8,3247,92,9200,2.27,43,286255,3
8,3253,52,5200,1.28,21,286311,1
8,3255,194,19400,4.79,21,286255,4
8,3256,147,14700,3.63,41,286255,3
8,3265,406,40600,10.03,43,286255,4
8,3266,1246,124600,30.79,41,286255,4
8,3267,182,18200,4.5,21,286212,2
8,3268,85,8500,2.1,21,286226,2
8,3269,30,3000,0.74,20,286226,1
8,3271,47,4700,1.16,21,286311,2
8,3272,681,68100,16.83,41,286212,1
8,3273,98,9800,2.42,21,286212,1
8,3274,18,1800,0.44,21,286227,1
8,3275,187,18700,4.62,41,286227,1
8,3276,548,54800,13.54,41,286227,2
8,3277,842,84200,20.81,41,286227,3
8,3278,1593,159300,39.36,41,286227,4
8,3283,53,5300,1.31,21,286255,2
8,3284,118,11800,2.92,21,286226,3
8,3285,37,3700,0.91,20,286226,2
8,3289,119,11900,2.94,43,286228,4
8,3290,770,77000,19.03,41,286212,2
8,3291,82,8200,2.03,21,286212,3
8,3292,46,4600,1.14,21,286226,1
8,3293,4,400,0.1,20,286212,1
8,3294,18,1800,0.44,20,286212,2
8,3297,62,6200,1.53,43,286311,2
8,3300,31,3100,0.77,43,286255,2
8,3301,8,800,0.2,21,286227,2
8,3302,26,2600,0.64,21,286227,4
8,3303,15,1500,0.37,21,286227,3
8,3304,20,2000,0.49,20,286226,3
8,3305,5,500,0.12,20,286212,3
8,3306,92,9200,2.27,43,286311,1
8,3307,38,3800,0.94,41,286210,1
8,3314,350,35000,8.65,41,286228,4
8,3315,275,27500,6.8,41,286212,3
8,3316,186,18600,4.6,20,286254,3
8,3317,10,1000,0.25,41,286210,2
8,3319,8,800,0.2,21,286228,3
8,3320,17,1700,0.42,21,286228,4
8,3321,120,12000,2.97,43,286227,2
8,3322,173,17300,4.27,20,286254,2
8,3324,12,1200,0.3,81,286210,2
8,3327,1,100,0.02,21,286228,1
8,3328,2,200,0.05,21,286228,2
8,3329,15,1500,0.37,21,286311,3
8,3330,17,1700,0.42,21,286284,2
8,3331,53,5300,1.31,81,286210,1
8,3332,7,700,0.17,43,286223,1
8,3333,72,7200,1.78,41,286255,2
8,3334,264,26400,6.52,43,286227,4
8,3335,1079,107900,26.66,41,286254,2
8,3337,19,1900,0.47,21,286223,1
8,3338,398,39800,9.83,43,286212,1
8,3339,62,6200,1.53,43,286227,1
8,3340,184,18400,4.55,43,286227,3
8,3341,16,1600,0.4,21,286223,2
8,3342,38,3800,0.94,43,286223,2
8,3343,805,80500,19.89,41,286254,3
8,3345,22,2200,0.54,43,286311,3
8,3348,32,3200,0.79,43,286223,3
8,3349,2,200,0.05,21,286223,3
8,3350,71,7100,1.75,21,286226,4
8,3351,98,9800,2.42,41,286228,3
8,3353,29,2900,0.72,21,286284,1
8,3354,23,2300,0.57,21,286210,2
8,3356,3133,313300,77.42,43,286254,2
8,3357,49,4900,1.21,41,286255,1
8,3358,74,7400,1.83,20,286254,4
8,3363,10,1000,0.25,21,286210,3
8,3364,23,2300,0.57,21,286210,1
8,3365,480,48000,11.86,41,286254,1
8,3366,1627,162700,40.2,43,286254,1
8,3367,2,200,0.05,43,286210,2
8,3368,1,100,0.02,41,286210,3
8,3371,2045,204500,50.53,43,286254,3
8,3372,207,20700,5.12,21,286254,2
8,3373,41,4100,1.01,41,286228,2
8,3377,1267,126700,31.31,43,286254,4
8,3378,150,15000,3.71,21,286254,1
8,3379,118,11800,2.92,20,286254,1
8,3382,59,5900,1.46,43,286228,3
8,3383,42,4200,1.04,81,286254,3
8,3384,31,3100,0.77,81,286254,2
8,3389,189,18900,4.67,21,286254,3
8,3390,28,2800,0.69,43,286228,2
8,3391,29,2900,0.72,81,286254,4
8,3394,156,15600,3.85,43,286307,1
8,3400,33,3300,0.82,43,286253,2
8,3401,1015,101500,25.08,41,2519932,1
8,3402,602,60200,14.88,41,286254,4
8,3404,720,72000,17.79,41,286307,1
8,3405,159,15900,3.93,43,286307,2
8,3406,38,3800,0.94,43,286253,3
8,3407,163,16300,4.03,41,2519932,2
8,3409,1,100,0.02,21,286253,1
8,3410,10,1000,0.25,43,286253,1
8,3412,596,59600,14.73,41,286307,2
8,3413,402,40200,9.93,43,286212,3
8,3414,137,13700,3.39,21,286254,4
8,3415,6,600,0.15,21,286253,2
8,3416,70,7000,1.73,41,2519932,3
8,3417,28,2800,0.69,71,286254,2
8,3421,18,1800,0.44,21,286253,3
8,3422,66,6600,1.63,41,2519932,4
8,3423,10,1000,0.25,81,286254,1
8,3424,22,2200,0.54,71,286254,4
8,3425,16,1600,0.4,71,286254,3
8,3426,10,1000,0.25,71,286254,1
8,3428,2,200,0.05,71,286284,1
8,3433,8,800,0.2,23,286284,1
8,3434,18,1800,0.44,23,286284,2
8,3435,1,100,0.02,23,286284,3
8,3438,25,2500,0.62,20,286226,4
8,3439,14,1400,0.35,71,286284,2
8,3445,1,100,0.02,19,286311,2
8,3446,22,2200,0.54,19,286307,2
8,3452,1,100,0.02,19,286311,1
8,3453,8,800,0.2,19,286307,3
8,3454,45,4500,1.11,19,286307,1
8,3455,21,2100,0.52,23,286212,1
8,3456,74,7400,1.83,41,286212,4
8,3457,12,1200,0.3,81,286296,1
8,3458,4,400,0.1,21,286253,4
8,3459,34,3400,0.84,20,286227,4
8,3462,27,2700,0.67,81,286222,1
8,3463,10,1000,0.25,43,286253,4
8,3464,1,100,0.02,71,286284,3
8,3468,13,1300,0.32,23,286212,2
8,3472,7,700,0.17,20,286284,3
8,3477,1,100,0.02,23,286212,3
8,3484,20,2000,0.49,20,286227,3
8,3485,27,2700,0.67,20,286227,2
8,3486,9,900,0.22,20,286227,1
8,3492,5,500,0.12,11,286284,2
8,3500,15,1500,0.37,11,286284,1
8,3506,9,900,0.22,85,286307,2
8,3507,39,3900,0.96,85,286307,1
8,3515,1,100,0.02,81,286305,1
8,3516,58,5800,1.43,41,286305,1
8,3517,2,200,0.05,43,286255,1
8,3530,12,1200,0.3,41,286305,2
8,3532,2351,235100,58.09,43,286240,1
8,3533,753,75300,18.61,43,286212,2
8,3535,146,14600,3.61,41,286296,4
8,3543,229,22900,5.66,81,286226,1
8,3544,150,15000,3.71,81,286240,1
8,3545,2358,235800,58.27,43,286240,2
8,3548,196,19600,4.84,81,286240,2
8,3549,101,10100,2.5,81,286240,3
8,3550,2444,244400,60.39,43,286240,3
8,3552,196,19600,4.84,81,286226,2
8,3557,281,28100,6.94,41,286307,3
8,3560,37,3700,0.91,43,286305,1
8,3561,60,6000,1.48,43,286305,2
8,3565,16,1600,0.4,81,286226,4
8,3566,87,8700,2.15,81,286226,3
8,3567,9,900,0.22,19,286240,2
8,3573,2,200,0.05,21,286255,1
8,3574,22,2200,0.54,53,286254,1
8,3575,84,8400,2.08,19,286226,2
8,3576,44,4400,1.09,19,286226,3
8,3577,19,1900,0.47,19,286226,4
8,3578,15,1500,0.37,19,286240,3
8,3582,47,4700,1.16,43,286307,3
8,3591,33,3300,0.82,43,286305,3
8,3592,34,3400,0.84,21,286307,2
8,3593,5,500,0.12,53,286254,2
8,3594,69,6900,1.71,19,286226,1
8,3599,13,1300,0.32,21,286307,4
8,3605,87,8700,2.15,81,286240,4
8,3606,3296,329600,81.45,43,286240,4
8,3618,1,100,0.02,19,286240,4
8,3620,31,3100,0.77,21,286307,3
8,3626,2,200,0.05,43,286305,4
8,3628,1,100,0.02,11,286240,3
8,3629,2,200,0.05,11,286240,2
8,3630,8,800,0.2,11,286240,1
8,3638,57,5700,1.41,81,286255,4
8,3639,16,1600,0.4,81,286255,3
8,3645,110,11000,2.72,81,286212,2
8,3646,72,7200,1.78,81,286212,1
8,3647,41,4100,1.01,81,286212,3
8,3649,389,38900,9.61,41,286284,4
8,3650,230,23000,5.68,41,286282,2
8,3651,151,15100,3.73,43,286282,2
8,3652,154,15400,3.81,41,286282,3
8,3653,374,37400,9.24,43,286213,3
8,3656,700,70000,17.3,43,286208,1
8,3657,76,7600,1.88,19,286212,2
8,3659,124,12400,3.06,41,286282,4
8,3660,162,16200,4.0,43,286282,3
8,3661,479,47900,11.84,43,286213,2
8,3662,58,5800,1.43,19,286212,3
8,3663,2,200,0.05,19,286240,1
8,3664,493,49300,12.18,43,286208,2
8,3665,149,14900,3.68,43,286282,1
8,3666,302,30200,7.46,41,286282,1
8,3667,183,18300,4.52,43,286213,1
8,3671,15,1500,0.37,81,286255,2
8,3675,9,900,0.22,19,286255,2
8,3676,6,600,0.15,19,286255,3
8,3677,18,1800,0.44,21,286307,1
8,3679,15,1500,0.37,19,286282,4
8,3680,131,13100,3.24,43,286282,4
8,3681,155,15500,3.83,43,286213,4
8,3684,23,2300,0.57,81,286211,3
8,3685,4,400,0.1,81,286211,2
8,3686,4,400,0.1,19,286211,1
8,3687,1,100,0.02,19,286255,1
8,3688,1,100,0.02,19,286255,4
8,3689,102,10200,2.52,43,286212,4
8,3690,206,20600,5.09,85,286208,1
8,3691,195,19500,4.82,43,286208,3
8,3692,6,600,0.15,19,286211,2
8,3693,71,7100,1.75,85,286208,2
8,3694,36,3600,0.89,71,286208,1
8,3695,1,100,0.02,71,286307,1
8,3696,1,100,0.02,71,286307,2
8,3698,36,3600,0.89,81,286211,4
8,3699,27,2700,0.67,19,286211,3
8,3700,5,500,0.12,19,286282,3
8,3702,6,600,0.15,71,286208,3
8,3703,2,200,0.05,71,286212,2
8,3705,2,200,0.05,41,286211,3
8,3707,13,1300,0.32,71,286208,2
8,3708,16,1600,0.4,19,286211,4
8,3709,374,37400,9.24,41,286213,3
8,3711,1,100,0.02,71,286212,1
8,3712,4,400,0.1,41,286211,4
8,3713,417,41700,10.3,41,286213,2
8,3715,2,200,0.05,82,286305,1
8,3716,17,1700,0.42,41,286294,2
8,3717,30,3000,0.74,41,286223,3
8,3718,167,16700,4.13,43,2519932,2
8,3719,110,11000,2.72,41,286213,4
8,3723,419,41900,10.35,24,286208,1
8,3724,7,700,0.17,85,286208,3
8,3725,296,29600,7.31,82,286208,2
8,3726,26,2600,0.64,82,286212,3
8,3727,29,2900,0.72,82,286212,2
8,3733,18,1800,0.44,82,286294,1
8,3734,351,35100,8.67,43,2519932,1
8,3737,142,14200,3.51,24,286208,2
8,3738,102,10200,2.52,82,286208,3
8,3739,1676,167600,41.41,82,286208,1
8,3740,18,1800,0.44,82,286212,4
8,3741,30,3000,0.74,82,286208,4
8,3742,15,1500,0.37,82,286284,2
8,3743,137,13700,3.39,82,286284,1
8,3746,5,500,0.12,41,286294,1
8,3747,9,900,0.22,19,286282,2
8,3748,144,14400,3.56,43,2519932,3
8,3750,166,16600,4.1,41,286208,2
8,3751,233,23300,5.76,41,286208,1
8,3754,21,2100,0.52,41,286223,2
8,3758,40,4000,0.99,81,286282,3
8,3759,92,9200,2.27,41,286307,4
8,3760,55,5500,1.36,24,286208,3
8,3761,61,6100,1.51,81,286282,2
8,3762,5,500,0.12,81,286282,4
8,3763,178,17800,4.4,43,2519932,4
8,3764,51,5100,1.26,91,2519932,1
8,3765,23,2300,0.57,24,286208,4
8,3768,2,200,0.05,41,286223,1
8,3769,44,4400,1.09,81,286282,1
8,3770,7,700,0.17,11,286282,2
8,3775,1,100,0.02,85,286208,4
8,3781,26,2600,0.64,11,286282,1
8,3787,1,100,0.02,82,286294,2
8,3789,134,13400,3.31,43,286208,4
8,3793,10,1000,0.25,81,286227,4
8,3798,26,2600,0.64,81,286227,3
8,3799,4,400,0.1,55,286227,3
8,3801,1,100,0.02,81,286294,2
8,3802,6,600,0.15,55,286227,4
8,3807,5,500,0.12,81,286294,1
8,3808,6,600,0.15,21,286284,3
8,3810,5,500,0.12,81,286223,1
8,3811,7,700,0.17,81,286227,2
8,3812,3,300,0.07,19,286254,4
8,3813,30,3000,0.74,19,286254,2
8,3814,31,3100,0.77,19,286254,1
8,3820,360,36000,8.9,41,286240,1
8,3821,1365,136500,33.73,41,286240,4
8,3822,2,200,0.05,19,286227,4
8,3823,9,900,0.22,19,286254,3
8,3824,315,31500,7.78,82,286209,1
8,3825,6,600,0.15,81,286223,2
8,3826,3,300,0.07,81,286223,3
8,3827,487,48700,12.03,41,286240,2
8,3828,587,58700,14.51,41,286240,3
8,3832,17,1700,0.42,81,286213,1
8,3837,34,3400,0.84,81,286213,3
8,3838,38,3800,0.94,81,286213,2
8,3844,15,1500,0.37,19,286213,3
8,3845,251,25100,6.2,43,286310,1
8,3851,75,7500,1.85,41,286208,3
8,3861,3,300,0.07,82,2519932,1
8,3865,10,1000,0.25,71,2519932,2
8,3866,104,10400,2.57,81,286208,2
8,3867,431,43100,10.65,81,286208,1
8,3875,7,700,0.17,71,2519932,1
8,3877,592,59200,14.63,43,286234,1
8,3878,42,4200,1.04,41,286209,1
8,3879,21,2100,0.52,41,286209,2
8,3880,18,1800,0.44,41,286209,3
8,3886,536,53600,13.24,43,286234,2
8,3891,45,4500,1.11,81,286208,3
8,3892,528,52800,13.05,43,286234,3
8,3893,744,74400,18.38,43,286234,4
8,3899,5,500,0.12,19,286212,4
8,3900,1390,139000,34.35,41,2519931,1
8,3902,3,300,0.07,82,286209,3
8,3909,2,200,0.05,19,286212,1
8,3910,5,500,0.12,82,286212,1
8,3911,1,100,0.02,24,286234,1
8,3916,1,100,0.02,82,286209,4
8,3920,1,100,0.02,11,286212,4
8,3921,9,900,0.22,11,286212,1
8,3922,3,300,0.07,11,286212,2
8,3923,53,5300,1.31,41,2519931,2
8,3929,33,3300,0.82,41,2519931,3
8,3930,11,1100,0.27,81,286208,4
8,3931,66,6600,1.63,43,2519931,1
8,3932,1,100,0.02,82,2519932,3
8,3933,39,3900,0.96,82,286209,2
8,3940,1,100,0.02,11,286212,3
8,3948,21,2100,0.52,43,2519931,2
8,3949,78,7800,1.93,41,286208,4
8,3953,90,9000,2.22,41,286234,4
8,3954,3,300,0.07,41,286310,1
8,3955,11,1100,0.27,41,286310,2
8,3956,65,6500,1.61,43,286310,3
8,3957,141,14100,3.48,43,286310,2
8,3958,115,11500,2.84,91,2519931,1
8,3959,19,1900,0.47,43,2519931,3
8,3963,70,7000,1.73,41,286234,3
8,3964,47,4700,1.16,41,286310,4
8,3965,11,1100,0.27,41,286310,3
8,3969,39,3900,0.96,41,286234,1
8,3970,51,5100,1.26,41,286234,2
8,3971,14,1400,0.35,19,286208,2
8,3972,23,2300,0.57,43,2519931,4
8,3973,17,1700,0.42,41,2519931,4
8,3978,1,100,0.02,91,2519931,2
8,3979,149,14900,3.68,81,286234,2
8,3980,269,26900,6.65,81,286234,1
8,3984,52,5200,1.28,71,286226,2
8,3985,31,3100,0.77,71,286226,3
8,3986,18,1800,0.44,71,286226,4
8,3987,10,1000,0.25,33,286240,2
8,3988,14,1400,0.35,33,286240,3
8,3989,376,37600,9.29,43,286241,4
8,3990,111,11100,2.74,43,286241,3
8,3992,1,100,0.02,43,286307,4
8,3993,227,22700,5.61,41,286213,1
8,3994,7,700,0.17,33,286208,2
8,3995,3,300,0.07,33,286208,1
8,3996,73,7300,1.8,41,286303,1
8,3997,70,7000,1.73,81,286234,3
8,4002,13,1300,0.32,33,286208,3
8,4003,11,1100,0.27,33,286240,4
8,4004,7,700,0.17,33,286240,1
8,4005,74,7400,1.83,43,286241,2
8,4006,7,700,0.17,41,286303,2
8,4007,26,2600,0.64,81,286234,4
8,4008,6,600,0.15,19,286208,1
8,4009,95,9500,2.35,43,286241,1
8,4010,5,500,0.12,41,286303,3
8,4012,8,800,0.2,82,286213,4
8,4013,71,7100,1.75,82,286213,3
8,4014,13,1300,0.32,33,286208,4
8,4015,170,17000,4.2,43,286287,4
8,4016,1287,128700,31.8,41,286287,1
8,4017,4,400,0.1,91,286287,1
8,4018,17,1700,0.42,41,286303,4
8,4019,74,7400,1.83,82,286269,1
8,4021,2,200,0.05,19,286213,2
8,4022,107,10700,2.64,41,286287,3
8,4023,207,20700,5.12,41,286287,2
8,4024,46,4600,1.14,43,286310,4
8,4027,262,26200,6.47,11,286303,1
8,4028,134,13400,3.31,82,286234,2
8,4029,244,24400,6.03,82,286234,1
8,4030,40,4000,0.99,82,286213,2
8,4031,308,30800,7.61,43,286287,2
8,4032,176,17600,4.35,43,286287,3
8,4033,21,2100,0.52,43,286303,1
8,4034,51,5100,1.26,53,286234,3
8,4035,16,1600,0.4,82,286234,4
8,4036,2,200,0.05,91,286287,2
8,4037,57,5700,1.41,53,286234,4
8,4041,18,1800,0.44,82,286234,3
8,4042,11,1100,0.27,82,286213,1
8,4043,54,5400,1.33,71,286234,1
8,4044,69,6900,1.71,71,286234,2
8,4045,110,11000,2.72,71,286234,3
8,4047,191,19100,4.72,41,286287,4
8,4048,31,3100,0.77,71,286310,1
8,4049,17,1700,0.42,53,286282,2
8,4050,7,700,0.17,71,286240,2
8,4051,12,1200,0.3,71,286240,3
8,4052,3,300,0.07,82,286269,2
8,4054,10,1000,0.25,41,286228,1
8,4055,5,500,0.12,43,286303,2
8,4056,13,1300,0.32,71,286226,1
8,4057,4,400,0.1,71,286310,2
8,4058,20,2000,0.49,53,286234,2
8,4059,10,1000,0.25,53,286282,1
8,4062,3,300,0.07,71,286310,3
8,4063,19,1900,0.47,53,286234,1
8,4064,13,1300,0.32,53,286282,3
8,4065,3,300,0.07,71,286240,4
8,4066,6,600,0.15,71,286240,1
8,4067,23,2300,0.57,41,286269,1
8,4068,14,1400,0.35,41,286269,2
8,4069,2,200,0.05,41,286269,3
8,4070,3,300,0.07,43,286303,3
8,4071,11,1100,0.27,11,286303,2
8,4072,767,76700,18.95,43,286287,1
8,4073,1,100,0.02,71,286282,2
8,4074,3,300,0.07,81,2519931,1
8,4076,1,100,0.02,81,2519931,2
8,4077,201,20100,4.97,41,286241,4
8,4078,1,100,0.02,71,286282,3
8,4081,89,8900,2.2,71,286234,4
8,4084,42,4200,1.04,55,286234,3
8,4085,14,1400,0.35,55,286240,2
8,4086,4,400,0.1,55,286240,1
8,4087,8,800,0.2,11,286303,3
8,4088,13,1300,0.32,53,286240,4
8,4089,24,2400,0.59,53,286240,3
8,4090,4,400,0.1,53,286282,4
8,4091,185,18500,4.57,55,286234,2
8,4092,18,1800,0.44,55,286240,3
8,4093,22,2200,0.54,55,286208,2
8,4094,15,1500,0.37,55,286208,3
8,4095,20,2000,0.49,55,286208,4
8,4096,5,500,0.12,55,286240,4
8,4097,2,200,0.05,43,286303,4
8,4098,178,17800,4.4,55,286234,1
8,4099,2,200,0.05,55,2519931,4
8,4100,20,2000,0.49,41,286241,3
8,4101,18,1800,0.44,53,286240,2
8,4102,5,500,0.12,55,286234,4
8,4103,134,13400,3.31,55,286208,1
8,4105,9,900,0.22,41,286241,2
8,4106,36,3600,0.89,53,286240,1
8,4108,21,2100,0.52,55,286226,3
8,4109,2,200,0.05,81,286213,4
8,4110,22,2200,0.54,55,286226,2
8,4115,22,2200,0.54,20,286240,4
8,4116,14,1400,0.35,81,2519932,2
8,4117,17,1700,0.42,20,286240,3
8,4118,27,2700,0.67,82,286240,2
8,4119,2,200,0.05,53,2519932,2
8,4120,3,300,0.07,81,2519932,1
8,4121,3,300,0.07,53,2519932,1
8,4122,122,12200,3.01,82,286240,1
8,4123,2,200,0.05,55,286226,4
8,4124,4,400,0.1,33,286234,2
8,4125,2,200,0.05,33,286234,4
8,4126,4,400,0.1,33,286234,1
8,4133,6,600,0.15,55,286227,2
8,4137,1,100,0.02,55,286226,1
8,4138,5,500,0.12,55,286227,1
8,4139,35,3500,0.86,20,286240,2
8,4140,3,300,0.07,11,286303,4
8,4142,28,2800,0.69,82,286240,3
8,4146,19,1900,0.47,91,286240,1
8,4150,4,400,0.1,82,286240,4
8,4154,161,16100,3.98,82,286233,2
8,4155,1792,179200,44.28,82,286233,1
8,4160,12,1200,0.3,43,286209,1
8,4161,29,2900,0.72,43,286209,2
8,4162,56,5600,1.38,43,286209,3
8,4166,37,3700,0.91,82,286233,3
8,4170,349,34900,8.62,43,286233,2
8,4172,1409,140900,34.82,43,286233,1
8,4174,186,18600,4.6,43,286233,4
8,4177,7,700,0.17,43,286209,4
8,4178,202,20200,4.99,43,286233,3
8,4187,20,2000,0.49,82,286226,1
8,4194,23,2300,0.57,82,286226,2
8,4199,6,600,0.15,82,286226,3
8,4209,32,3200,0.79,20,286240,1
8,4210,2,200,0.05,20,286234,4
8,4216,1,100,0.02,20,286234,3
8,4220,1,100,0.02,82,286226,4
8,4221,775,77500,19.15,43,286256,2
8,4222,493,49300,12.18,43,286256,1
8,4223,1,100,0.02,20,286234,2
8,4226,2,200,0.05,41,286241,1
8,4227,708,70800,17.5,43,286256,3
8,4228,1,100,0.02,20,286234,1
8,4230,414,41400,10.23,43,286256,4
8,4246,3,300,0.07,81,286287,3
8,4247,5,500,0.12,81,286227,1
8,4248,3,300,0.07,81,286287,1
8,4249,67,6700,1.66,20,286256,1
8,4250,71,7100,1.75,20,286256,3
8,4254,175,17500,4.32,43,286304,3
8,4255,108,10800,2.67,20,286256,2
8,4256,71,7100,1.75,20,286256,4
8,4264,100,10000,2.47,43,286304,4
8,4265,137,13700,3.39,43,286304,1
8,4270,6,600,0.15,24,286254,1
8,4271,6,600,0.15,24,286254,2
8,4272,5,500,0.12,24,286226,2
8,4287,2,200,0.05,24,286226,1
8,4289,213,21300,5.26,41,3400380,2
8,4296,2406,240600,59.45,41,3400380,1
8,4301,4,400,0.1,81,286287,2
8,4311,43,4300,1.06,21,286234,2
8,4315,33,3300,0.82,21,286234,1
8,4316,16,1600,0.4,21,286234,3
8,4317,1,100,0.02,21,286284,4
8,4325,1,100,0.02,81,286287,4
8,4326,194,19400,4.79,43,286304,2
8,4327,4,400,0.1,82,286256,1
8,4344,9,900,0.22,41,286304,3
8,4348,15,1500,0.37,81,286233,2
8,4354,126,12600,3.11,81,286233,1
8,4355,16,1600,0.4,19,286234,1
8,4359,26,2600,0.64,19,286233,1
8,4365,7,700,0.17,19,286234,2
8,4366,5,500,0.12,41,286304,2
8,4371,4,400,0.1,41,286304,1
8,4372,543,54300,13.42,43,3400380,1
8,4378,108,10800,2.67,43,3400380,2
8,4379,3,300,0.07,19,286234,3
8,4390,6,600,0.15,19,286234,4
8,4391,3,300,0.07,81,286304,2
8,4392,1,100,0.02,41,286304,4
8,4393,86,8600,2.13,43,3400380,3
8,4400,3,300,0.07,81,286304,1
8,4401,1,100,0.02,81,286304,3
8,4406,9,900,0.22,82,286287,1
8,4410,32,3200,0.79,53,286304,1
8,4412,1,100,0.02,53,286304,2
8,4428,327,32700,8.08,41,286233,1
8,4429,44,4400,1.09,41,286233,2
8,4452,1,100,0.02,21,286256,4
8,4453,12,1200,0.3,21,286256,3
8,4461,8,800,0.2,21,286256,2
8,4464,6,600,0.15,41,286256,4
8,4465,7,700,0.17,21,286256,1
8,4479,5,500,0.12,41,286256,3
8,4485,5,500,0.12,41,286256,2
8,4508,83,8300,2.05,43,3400380,4
8,4533,428,42800,10.58,43,286242,4
8,4535,396,39600,9.79,43,286242,3
8,4538,208,20800,5.14,43,286242,1
8,4547,520,52000,12.85,41,286242,4
8,4548,178,17800,4.4,41,286242,3
8,4554,325,32500,8.03,43,286242,2
8,4566,93,9300,2.3,41,3400380,3
8,4570,114,11400,2.82,41,3400380,4
8,4577,170,17000,4.2,41,286242,2
8,4578,1,100,0.02,20,286284,4
8,4579,65,6500,1.61,20,286228,4
8,4602,19,1900,0.47,43,286293,4
8,4604,7,700,0.17,43,286293,3
8,4605,16,1600,0.4,20,286228,3
8,4609,11,1100,0.27,43,286293,2
8,4610,36,3600,0.89,43,286293,1
8,4616,9,900,0.22,43,286228,1
8,4630,64,6400,1.58,43,286214,4
8,4639,102,10200,2.52,43,286214,1
8,4640,1,100,0.02,20,286228,2
8,4646,120,12000,2.97,43,286214,3
8,4653,120,12000,2.97,43,286214,2
8,4654,3,300,0.07,19,286284,4
8,4655,2,200,0.05,19,286284,3
8,4656,9,900,0.22,19,286284,1
8,4666,31,3100,0.77,82,286298,1
8,4682,2,200,0.05,19,286284,2
8,4702,12,1200,0.3,41,286298,1
8,4703,47,4700,1.16,43,286298,1
8,4706,122,12200,3.01,91,3400380,1
8,4715,13,1300,0.32,43,286298,2
8,4726,13,1300,0.32,20,286214,4
8,4727,16,1600,0.4,20,286214,3
8,4730,23,2300,0.57,20,286214,2
8,4738,7,700,0.17,20,286214,1
8,4805,21,2100,0.52,41,286293,4
8,4811,33,3300,0.82,41,286293,3
8,4826,50,5000,1.24,41,286293,2
8,4827,218,21800,5.39,41,286242,1
8,4836,32,3200,0.79,41,286293,1
8,4857,15,1500,0.37,41,286233,3
8,4863,5,500,0.12,41,286233,4
8,4868,12,1200,0.3,41,286309,4
8,4871,30,3000,0.74,41,286309,2
8,4881,59,5900,1.46,41,286309,1
8,4885,2,200,0.05,41,286214,4
8,4894,18,1800,0.44,41,286309,3
8,4980,172,17200,4.25,43,286239,1
8,4981,121,12100,2.99,41,286239,1
8,4990,18,1800,0.44,41,286239,2
8,4999,4,400,0.1,91,3400380,2
8,5006,1,100,0.02,82,286233,4
8,5008,1,100,0.02,43,2399595,2
8,5009,1,100,0.02,43,2399595,3
8,5010,1,100,0.02,43,2399595,4
8,5016,2,200,0.05,82,2399595,2
8,5024,1,100,0.02,91,3400380,3
8,5027,8,800,0.2,43,286239,2
8,5113,1,100,0.02,43,286239,3
8,5123,1,100,0.02,43,286239,4
9,3744,432,43200,10.67,43,286313,1
9,3755,17,1700,0.42,43,286217,1
9,3776,14,1400,0.35,21,286217,1
9,3777,1119,111900,27.65,43,286313,2
9,3778,1110,111000,27.43,41,286313,2
9,3779,493,49300,12.18,41,286313,1
9,3780,730,73000,18.04,41,286313,3
9,3785,15,1500,0.37,43,286217,2
9,3786,242,24200,5.98,21,286313,1
9,3790,17,1700,0.42,21,286217,2
9,3791,437,43700,10.8,21,286313,2
9,3796,440,44000,10.87,43,286313,3
9,3804,2,200,0.05,43,286217,3
9,3805,2,200,0.05,21,286217,3
9,3806,287,28700,7.09,21,286313,3
9,3809,189,18900,4.67,43,286254,1
9,3818,181,18100,4.47,43,286254,2
9,3830,305,30500,7.54,43,286266,2
9,3833,71,7100,1.75,41,286266,1
9,3834,138,13800,3.41,43,286266,1
9,3835,134,13400,3.31,43,286266,3
9,3839,60,6000,1.48,43,286252,1
9,3843,214,21400,5.29,41,286266,2
9,3846,116,11600,2.87,22,286266,1
9,3847,2671,267100,66.0,43,286226,2
9,3848,1221,122100,30.17,43,286226,1
9,3849,45,4500,1.11,22,286226,1
9,3850,367,36700,9.07,21,286226,1
9,3852,93,9300,2.3,22,286266,2
9,3853,135,13500,3.34,41,286266,3
9,3854,847,84700,20.93,21,286226,2
9,3855,117,11700,2.89,43,286210,1
9,3856,121,12100,2.99,43,286210,2
9,3857,93,9300,2.3,41,286266,4
9,3862,41,4100,1.01,21,286210,1
9,3863,380,38000,9.39,43,286227,2
9,3864,92,9200,2.27,22,286226,2
9,3868,47,4700,1.16,21,286266,2
9,3869,28,2800,0.69,21,286266,1
9,3870,2148,214800,53.08,43,286226,3
9,3871,21,2100,0.52,21,286210,2
9,3872,124,12400,3.06,43,286227,1
9,3873,48,4800,1.19,22,286226,3
9,3874,1400,140000,34.59,43,286284,1
9,3881,743,74300,18.36,21,286226,3
9,3882,1,100,0.02,21,286210,3
9,3887,3,300,0.07,21,286266,3
9,3888,26,2600,0.64,43,286301,1
9,3889,965,96500,23.85,43,286284,2
9,3894,107,10700,2.64,22,286266,3
9,3895,3070,307000,75.86,41,286226,2
9,3896,10,1000,0.25,43,286301,3
9,3897,31,3100,0.77,43,286301,2
9,3903,115,11500,2.84,21,286313,4
9,3904,82,8200,2.03,21,286227,2
9,3905,15,1500,0.37,41,286301,3
9,3906,33,3300,0.82,19,286301,1
9,3907,22,2200,0.54,19,286301,2
9,3912,2601,260100,64.27,41,286226,3
9,3913,54,5400,1.33,21,286227,1
9,3914,22,2200,0.54,43,286301,4
9,3915,13,1300,0.32,41,286301,2
9,3917,245,24500,6.05,21,286227,3
9,3918,516,51600,12.75,21,286226,4
9,3919,18,1800,0.44,55,286301,1
9,3925,37,3700,0.91,22,286266,4
9,3926,14,1400,0.35,22,286226,4
9,3927,1,100,0.02,55,286301,4
9,3928,6,600,0.15,41,286301,1
9,3934,4384,438400,108.33,41,286284,2
9,3935,4113,411300,101.63,41,286284,1
9,3936,299,29900,7.39,41,286313,4
9,3937,1728,172800,42.7,41,286226,1
9,3938,2,200,0.05,55,286301,3
9,3939,7,700,0.17,55,286301,2
9,3941,2192,219200,54.17,41,286284,3
9,3942,115,11500,2.84,41,286210,1
9,3943,103,10300,2.55,41,286210,2
9,3944,471,47100,11.64,41,286227,2
9,3945,9,900,0.22,19,286301,3
9,3946,19,1900,0.47,19,286301,4
9,3947,5,500,0.12,41,286301,4
9,3950,1151,115100,28.44,43,286227,3
9,3951,998,99800,24.66,43,286226,4
9,3952,577,57700,14.26,43,286284,3
9,3960,7,700,0.17,43,286266,4
9,3961,185,18500,4.57,41,286227,1
9,3962,702,70200,17.35,41,286227,3
9,3966,4,400,0.1,22,286313,3
9,3967,362,36200,8.95,43,286222,1
9,3968,1881,188100,46.48,41,286226,4
9,3974,25,2500,0.62,22,286313,2
9,3975,1145,114500,28.29,41,286227,4
9,3976,12,1200,0.3,71,286222,2
9,3977,1,100,0.02,71,286226,2
9,3981,367,36700,9.07,43,286222,2
9,3982,111,11100,2.74,19,286226,3
9,3983,129,12900,3.19,19,286226,2
9,3991,2,200,0.05,71,286222,1
9,3998,228,22800,5.63,41,286222,2
9,3999,525,52500,12.97,41,286222,1
9,4000,45,4500,1.11,19,286226,4
9,4011,148,14800,3.66,43,286313,4
9,4020,428,42800,10.58,21,286227,4
9,4025,19,1900,0.47,22,286313,1
9,4026,1854,185400,45.81,43,286227,4
9,4038,81,8100,2.0,21,286284,1
9,4039,81,8100,2.0,21,286284,3
9,4040,94,9400,2.32,21,286284,2
9,4046,1097,109700,27.11,41,286284,4
9,4053,42,4200,1.04,21,286284,4
9,4060,1,100,0.02,22,286284,1
9,4061,1,100,0.02,22,286284,2
9,4079,8,800,0.2,21,286266,4
9,4080,153,15300,3.78,43,286214,1
9,4082,200,20000,4.94,43,286214,2
9,4104,482,48200,11.91,43,286284,4
9,4107,10,1000,0.25,22,286222,1
9,4111,7,700,0.17,82,286266,1
9,4112,11,1100,0.27,82,286266,2
9,4113,5,500,0.12,22,286222,2
9,4114,76,7600,1.88,43,286214,3
9,4127,14,1400,0.35,82,286313,2
9,4128,1,100,0.02,22,286222,3
9,4129,43,4300,1.06,41,286222,3
9,4130,671,67100,16.58,41,286312,2
9,4131,364,36400,8.99,41,286312,3
9,4132,194,19400,4.79,41,286312,1
9,4134,956,95600,23.62,41,286225,2
9,4135,376,37600,9.29,41,286225,1
9,4136,1252,125200,30.94,41,286225,3
9,4141,1150,115000,28.42,41,286225,4
9,4143,7,700,0.17,82,286284,1
9,4144,9,900,0.22,20,286313,4
9,4145,18,1800,0.44,20,286313,3
9,4147,11,1100,0.27,82,286284,2
9,4148,11,1100,0.27,20,286225,4
9,4149,92,9200,2.27,41,286312,4
9,4151,3,300,0.07,20,286313,2
9,4152,51,5100,1.26,33,286226,3
9,4153,34,3400,0.84,33,286226,4
9,4156,65,6500,1.61,33,286226,2
9,4157,27,2700,0.67,33,286312,3
9,4158,4,400,0.1,33,286312,4
9,4163,150,15000,3.71,21,286222,2
9,4164,25,2500,0.62,33,286226,1
9,4167,261,26100,6.45,43,286225,2
9,4168,147,14700,3.63,33,286312,2
9,4169,80,8000,1.98,43,286225,1
9,4171,87,8700,2.15,43,286222,3
9,4173,22,2200,0.54,21,286222,3
9,4175,282,28200,6.97,43,286225,3
9,4176,47,4700,1.16,53,286222,1
9,4179,16,1600,0.4,53,286226,1
9,4180,158,15800,3.9,43,286237,3
9,4181,23,2300,0.57,20,286284,3
9,4182,24,2400,0.59,20,286284,2
9,4183,10,1000,0.25,20,286284,4
9,4184,5,500,0.12,53,286226,2
9,4185,237,23700,5.86,41,286237,3
9,4186,117,11700,2.89,43,286237,4
9,4188,278,27800,6.87,41,286254,2
9,4189,363,36300,8.97,41,286254,3
9,4190,4,400,0.1,20,286237,4
9,4191,16,1600,0.4,21,286225,1
9,4192,279,27900,6.89,41,286254,4
9,4193,1,100,0.02,20,286237,3
9,4195,24,2400,0.59,21,286225,3
9,4196,347,34700,8.57,41,286237,2
9,4197,31,3100,0.77,43,286223,1
9,4201,109,10900,2.69,21,286237,2
9,4202,65,6500,1.61,21,286237,1
9,4203,95,9500,2.35,21,286237,3
9,4204,77,7700,1.9,21,286237,4
9,4205,204,20400,5.04,43,286223,2
9,4211,20,2000,0.49,21,286225,2
9,4212,5,500,0.12,21,286225,4
9,4213,56,5600,1.38,21,286254,3
9,4214,214,21400,5.29,43,286254,3
9,4215,13,1300,0.32,82,286223,1
9,4217,26,2600,0.64,21,286254,4
9,4218,84,8400,2.08,41,286237,4
9,4224,70,7000,1.73,21,286254,2
9,4225,91,9100,2.25,43,286223,3
9,4229,130,13000,3.21,82,286223,2
9,4231,290,29000,7.17,43,286225,4
9,4232,194,19400,4.79,41,286254,1
9,4233,44,4400,1.09,21,286254,1
9,4234,156,15600,3.85,43,286237,2
9,4235,45,4500,1.11,82,286223,3
9,4236,397,39700,9.81,43,286312,2
9,4237,506,50600,12.5,41,286223,2
9,4241,102,10200,2.52,43,286312,1
9,4242,364,36400,8.99,41,286223,3
9,4243,187,18700,4.62,41,286223,1
9,4244,19,1900,0.47,21,286312,1
9,4245,47,4700,1.16,21,286312,2
9,4251,125,12500,3.09,43,286254,4
9,4252,70,7000,1.73,43,286237,1
9,4253,119,11900,2.94,33,286312,1
9,4257,9,900,0.22,33,286222,1
9,4258,34,3400,0.84,19,286312,2
9,4259,102,10200,2.52,41,286223,4
9,4260,414,41400,10.23,41,286296,2
9,4261,186,18600,4.6,41,286296,1
9,4266,127,12700,3.14,43,286216,2
9,4267,10,1000,0.25,43,286216,3
9,4268,31,3100,0.77,21,286222,1
9,4273,8,800,0.2,19,286312,3
9,4274,4,400,0.1,19,286312,1
9,4275,221,22100,5.46,41,286296,3
9,4276,8,800,0.2,20,286296,1
9,4277,29,2900,0.72,20,286226,2
9,4280,349,34900,8.62,43,286216,1
9,4281,20,2000,0.49,53,286312,3
9,4282,26,2600,0.64,20,286296,2
9,4283,17,1700,0.42,20,286226,1
9,4284,18,1800,0.44,53,286312,2
9,4285,86,8600,2.13,43,286312,3
9,4290,30,3000,0.74,19,286225,4
9,4291,5,500,0.12,20,286296,3
9,4297,9,900,0.22,19,286225,3
9,4298,1,100,0.02,19,286225,2
9,4302,293,29300,7.24,43,286280,1
9,4303,260,26000,6.42,41,286311,1
9,4304,4,400,0.1,20,286223,2
9,4305,8,800,0.2,20,286223,3
9,4306,2,200,0.05,20,286223,4
9,4312,179,17900,4.42,43,286280,2
9,4313,83,8300,2.05,41,286311,2
9,4318,71,7100,1.75,43,286222,4
9,4319,66,6600,1.63,33,286311,1
9,4328,1,100,0.02,20,286223,1
9,4334,28,2800,0.69,43,286280,3
9,4338,43,4300,1.06,21,286216,1
9,4339,20,2000,0.49,21,286312,3
9,4345,1,100,0.02,21,286222,4
9,4349,28,2800,0.69,21,286223,2
9,4350,17,1700,0.42,20,286226,3
9,4351,12,1200,0.3,20,286222,2
9,4356,26,2600,0.64,21,286223,3
9,4357,15,1500,0.37,20,286226,4
9,4360,2,200,0.05,11,286284,3
9,4361,28,2800,0.69,11,286284,1
9,4362,8,800,0.2,11,286284,2
9,4363,2,200,0.05,21,286223,1
9,4364,12,1200,0.3,53,286284,2
9,4367,39,3900,0.96,19,286311,1
9,4368,2,200,0.05,21,286223,4
9,4369,63,6300,1.56,53,286223,1
9,4370,21,2100,0.52,20,286222,1
9,4373,38,3800,0.94,53,286223,2
9,4374,7,700,0.17,20,286284,1
9,4376,11,1100,0.27,21,286216,3
9,4377,31,3100,0.77,21,286216,2
9,4380,240,24000,5.93,21,286311,2
9,4381,166,16600,4.1,21,286311,1
9,4382,14,1400,0.35,19,286311,2
9,4383,500,50000,12.36,61,286223,2
9,4384,570,57000,14.08,61,286223,3
9,4385,92,9200,2.27,61,286223,4
9,4394,93,9300,2.3,61,286222,1
9,4395,99,9900,2.45,61,286223,1
9,4396,13,1300,0.32,53,286284,3
9,4397,22,2200,0.54,53,286284,1
9,4402,204,20400,5.04,61,286222,2
9,4403,13,1300,0.32,53,286223,3
9,4404,1,100,0.02,53,286296,2
9,4407,879,87900,21.72,43,286311,2
9,4408,938,93800,23.18,43,286311,1
9,4409,4,400,0.1,53,286284,4
9,4411,2,200,0.05,19,286311,3
9,4413,4,400,0.1,53,286223,4
9,4414,276,27600,6.82,82,286312,2
9,4415,75,7500,1.85,61,286312,2
9,4416,25,2500,0.62,19,286280,1
9,4417,11,1100,0.27,53,286280,1
9,4418,4,400,0.1,53,286280,2
9,4419,76,7600,1.88,21,286311,3
9,4420,37,3700,0.91,19,286280,2
9,4421,224,22400,5.54,41,286280,2
9,4422,105,10500,2.59,41,286280,1
9,4423,13,1300,0.32,82,286312,1
9,4424,25,2500,0.62,82,286311,1
9,4425,40,4000,0.99,82,286311,2
9,4426,21,2100,0.52,61,286222,3
9,4427,1,100,0.02,43,286223,4
9,4430,37,3700,0.91,81,286280,3
9,4431,5,500,0.12,81,286264,3
9,4432,37,3700,0.91,81,286264,2
9,4433,478,47800,11.81,43,286264,2
9,4434,23,2300,0.57,20,286266,1
9,4435,14,1400,0.35,20,286266,2
9,4437,79,7900,1.95,43,286264,3
9,4438,1,100,0.02,43,286280,4
9,4440,14,1400,0.35,82,286312,3
9,4442,47,4700,1.16,81,286264,1
9,4443,31,3100,0.77,81,286311,1
9,4444,20,2000,0.49,19,286280,3
9,4445,3,300,0.07,81,286311,2
9,4446,886,88600,21.89,43,286264,1
9,4447,9,900,0.22,20,286266,3
9,4448,109,10900,2.69,41,286280,3
9,4449,31,3100,0.77,20,286280,2
9,4450,2,200,0.05,41,286311,3
9,4451,38,3800,0.94,20,286280,3
9,4454,15,1500,0.37,20,286264,1
9,4455,9,900,0.22,20,286264,2
9,4456,25,2500,0.62,41,286280,4
9,4457,15,1500,0.37,20,286280,4
9,4458,326,32600,8.06,41,286234,3
9,4459,4,400,0.1,61,286284,2
9,4462,96,9600,2.37,41,286264,2
9,4463,365,36500,9.02,41,286234,4
9,4466,315,31500,7.78,41,286264,1
9,4467,4,400,0.1,20,286264,3
9,4468,19,1900,0.47,20,286280,1
9,4469,206,20600,5.09,41,286314,2
9,4470,116,11600,2.87,41,286314,3
9,4471,73,7300,1.8,41,286314,4
9,4472,2,200,0.05,82,286311,3
9,4475,210,21000,5.19,41,286234,2
9,4480,6,600,0.15,20,286314,3
9,4486,8,800,0.2,20,286312,2
9,4487,99,9900,2.45,41,286314,1
9,4488,1,100,0.02,20,286312,1
9,4489,53,5300,1.31,33,286234,3
9,4490,25,2500,0.62,33,286234,2
9,4491,116,11600,2.87,43,286311,3
9,4495,26,2600,0.64,81,286312,1
9,4496,4,400,0.1,20,286314,2
9,4497,55,5500,1.36,33,286234,4
9,4501,54,5400,1.33,81,286312,2
9,4502,3,300,0.07,82,286284,3
9,4509,92,9200,2.27,43,286283,2
9,4514,4,400,0.1,33,286234,1
9,4515,85,8500,2.1,41,286234,1
9,4516,3,300,0.07,82,286223,4
9,4517,129,12900,3.19,41,286283,4
9,4518,203,20300,5.02,41,286283,3
9,4519,330,33000,8.15,41,286283,2
9,4520,105,10500,2.59,43,286283,3
9,4522,5,500,0.12,33,286227,3
9,4523,13,1300,0.32,33,286227,4
9,4524,133,13300,3.29,41,286288,3
9,4525,298,29800,7.36,41,286283,1
9,4526,30,3000,0.74,43,286283,4
9,4528,292,29200,7.22,41,286288,2
9,4529,136,13600,3.36,41,286240,2
9,4532,275,27500,6.8,41,286288,1
9,4536,1,100,0.02,33,286227,2
9,4539,8,800,0.2,81,286312,3
9,4543,3,300,0.07,81,286313,2
9,4544,36,3600,0.89,43,286283,1
9,4549,1,100,0.02,81,286312,4
9,4550,40,4000,0.99,81,286280,2
9,4555,6,600,0.15,21,286211,3
9,4556,13,1300,0.32,81,286280,4
9,4557,10,1000,0.25,81,286280,1
9,4558,94,9400,2.32,41,286240,3
9,4567,2,200,0.05,21,286211,1
9,4571,4,400,0.1,41,286211,3
9,4572,3,300,0.07,21,286211,2
9,4573,8,800,0.2,21,286280,1
9,4580,4,400,0.1,21,286280,2
9,4581,14,1400,0.35,41,286307,1
9,4582,109,10900,2.69,41,286307,2
9,4583,93,9300,2.3,41,286307,3
9,4585,11,1100,0.27,41,286211,1
9,4586,3,300,0.07,41,286211,2
9,4587,4,400,0.1,21,286280,3
9,4588,57,5700,1.41,41,286297,3
9,4589,91,9100,2.25,41,286297,2
9,4590,56,5600,1.38,41,286288,4
9,4591,1,100,0.02,21,286280,4
9,4592,75,7500,1.85,41,286307,4
9,4595,103,10300,2.55,41,286240,4
9,4598,86,8600,2.13,21,286240,3
9,4599,83,8300,2.05,21,286240,4
9,4600,49,4900,1.21,41,286297,1
9,4601,115,11500,2.84,43,286240,3
9,4603,58,5800,1.43,19,286226,1
9,4606,49,4900,1.21,81,286226,1
9,4607,202,20200,4.99,43,286240,2
9,4611,42,4200,1.04,81,286226,2
9,4612,1258,125800,31.09,43,286288,1
9,4613,96,9600,2.37,43,286288,3
9,4614,13,1300,0.32,43,286288,4
9,4617,1,100,0.02,20,286314,4
9,4618,14,1400,0.35,11,286288,1
9,4619,2,200,0.05,11,286288,3
9,4620,67,6700,1.66,21,286240,2
9,4621,38,3800,0.94,43,286240,4
9,4622,13,1300,0.32,33,286311,2
9,4626,2,200,0.05,11,286288,2
9,4627,332,33200,8.2,43,286288,2
9,4628,12,1200,0.3,33,286223,2
9,4631,8,800,0.2,81,286226,3
9,4632,8,800,0.2,33,286208,3
9,4633,59,5900,1.46,41,286208,3
9,4634,9,900,0.22,43,286293,2
9,4635,7,700,0.17,43,286293,1
9,4636,34,3400,0.84,33,286284,2
9,4637,2,200,0.05,33,286223,3
9,4638,25,2500,0.62,61,286312,3
9,4641,4,400,0.1,33,286208,2
9,4642,173,17300,4.27,41,286208,2
9,4647,36,3600,0.89,41,286297,4
9,4648,10,1000,0.25,33,286208,4
9,4649,21,2100,0.52,33,286288,1
9,4650,3,300,0.07,33,286293,1
9,4651,4,400,0.1,33,286240,2
9,4652,23,2300,0.57,33,286284,3
9,4657,43,4300,1.06,41,286208,4
9,4658,11,1100,0.27,33,286288,3
9,4659,21,2100,0.52,33,286288,2
9,4660,5,500,0.12,33,286293,2
9,4661,103,10300,2.55,61,286226,3
9,4662,121,12100,2.99,61,286226,2
9,4663,60,6000,1.48,43,286265,2
9,4667,72,7200,1.78,43,286210,3
9,4668,28,2800,0.69,43,286210,4
9,4669,161,16100,3.98,41,286305,2
9,4670,2,200,0.05,33,286293,3
9,4671,35,3500,0.86,21,286240,1
9,4672,60,6000,1.48,43,286311,4
9,4673,20,2000,0.49,61,286226,4
9,4674,203,20300,5.02,41,286305,1
9,4675,21,2100,0.52,41,286293,3
9,4676,19,1900,0.47,41,286293,2
9,4677,21,2100,0.52,21,286293,1
9,4678,243,24300,6.0,43,286240,1
9,4679,26,2600,0.64,61,286226,1
9,4680,109,10900,2.69,43,286265,3
9,4683,13,1300,0.32,41,286293,1
9,4684,8,800,0.2,21,286293,3
9,4685,17,1700,0.42,21,286293,2
9,4686,9,900,0.22,21,286311,4
9,4687,14,1400,0.35,53,286283,3
9,4688,1,100,0.02,33,286288,4
9,4689,38,3800,0.94,71,286283,3
9,4690,14,1400,0.35,53,286283,2
9,4694,21,2100,0.52,41,286305,3
9,4695,56,5600,1.38,71,286283,2
9,4700,174,17400,4.3,41,286208,1
9,4717,1,100,0.02,41,286305,4
9,4728,1,100,0.02,71,286283,1
9,4731,2,200,0.05,43,286305,1
9,4732,2,200,0.05,43,286305,2
9,4739,67,6700,1.66,41,286210,3
9,4740,1,100,0.02,43,286305,3
9,4741,3,300,0.07,61,286284,3
9,4742,1,100,0.02,82,286283,3
9,4748,1,100,0.02,61,286284,4
9,4749,5,500,0.12,61,286283,1
9,4750,9,900,0.22,61,286283,2
9,4751,4,400,0.1,61,286283,3
9,4752,4,400,0.1,82,286283,2
9,4760,36,3600,0.89,82,286210,2
9,4761,42,4200,1.04,82,286210,1
9,4762,8,800,0.2,82,286313,1
9,4763,1,100,0.02,82,286313,3
9,4764,96,9600,2.37,41,286240,1
9,4766,3,300,0.07,19,286313,3
9,4767,2,200,0.05,19,286313,4
9,4768,26,2600,0.64,19,286210,3
9,4769,1,100,0.02,61,286312,4
9,4777,1,100,0.02,19,286313,2
9,4778,1,100,0.02,19,286210,4
9,4779,17,1700,0.42,19,286210,2
9,4780,28,2800,0.69,41,286210,4
9,4786,8,800,0.2,19,286210,1
9,4787,11,1100,0.27,43,286208,2
9,4788,4,400,0.1,43,286208,1
9,4789,2,200,0.05,11,286240,3
9,4790,16,1600,0.4,61,286312,1
9,4795,5,500,0.12,11,286240,2
9,4801,6,600,0.15,11,286240,1
9,4813,8,800,0.2,33,286210,1
9,4817,8,800,0.2,33,286210,2
9,4818,649,64900,16.04,41,286212,2
9,4819,171,17100,4.23,43,286212,2
9,4820,141,14100,3.48,43,286212,3
9,4821,1,100,0.02,43,286208,3
9,4822,5,500,0.12,11,286208,1
9,4828,1,100,0.02,33,286210,3
9,4829,74,7400,1.83,43,286212,4
9,4830,7,700,0.17,11,286283,2
9,4831,23,2300,0.57,11,286283,1
9,4832,196,19600,4.84,11,286303,1
9,4833,3,300,0.07,41,286303,1
9,4841,617,61700,15.25,41,286212,3
9,4843,378,37800,9.34,41,286212,1
9,4844,164,16400,4.05,43,286212,1
9,4845,3,300,0.07,41,286303,3
9,4846,12,1200,0.3,11,286303,2
9,4847,7,700,0.17,43,286303,1
9,4850,271,27100,6.7,41,286212,4
9,4851,3,300,0.07,41,286303,2
9,4854,46,4600,1.14,11,286304,1
9,4858,73,7300,1.8,41,286289,2
9,4859,62,6200,1.53,41,286289,1
9,4860,18,1800,0.44,41,286289,3
9,4861,74,7400,1.83,43,286304,1
9,4864,95,9500,2.35,43,286304,2
9,4865,16,1600,0.4,41,286222,4
9,4872,6,600,0.15,41,286264,3
9,4873,12,1200,0.3,82,286226,2
9,4879,3,300,0.07,82,286226,3
9,4882,40,4000,0.99,43,286304,3
9,4886,11,1100,0.27,41,286304,1
9,4887,24,2400,0.59,43,286289,2
9,4888,10,1000,0.25,43,286289,1
9,4897,1,100,0.02,11,286289,1
9,4904,20,2000,0.49,43,286289,3
9,4905,9,900,0.22,11,286304,2
9,4914,14,1400,0.35,41,286304,2
9,4944,6,600,0.15,43,286289,4
9,4953,4,400,0.1,41,286304,3
9,4954,347,34700,8.57,41,286214,2
9,4959,116,11600,2.87,41,286214,1
9,4960,140,14000,3.46,41,286214,3
9,4961,19,1900,0.47,41,286214,4
9,4966,55,5500,1.36,43,286294,2
9,4967,72,7200,1.78,43,286294,1
9,4973,17,1700,0.42,41,286294,2
9,4974,5,500,0.12,43,286294,3
9,4979,35,3500,0.86,41,286294,1
9,4982,108,10800,2.67,41,286296,4
9,4995,2,200,0.05,41,286294,3
9,4996,8,800,0.2,43,286304,4
9,4997,19,1900,0.47,61,286296,2
9,5001,46,4600,1.14,61,286296,3
9,5017,6,600,0.15,21,286294,2
9,5022,2,200,0.05,21,286294,3
9,5025,1,100,0.02,21,286283,1
9,5028,1,100,0.02,21,286283,2
9,5058,1,100,0.02,61,286296,4
9,5063,4,400,0.1,61,286225,4
9,5064,16,1600,0.4,61,286225,3
9,5065,15,1500,0.37,61,286225,2
9,5069,79,7900,1.95,43,286296,2
9,5075,84,8400,2.08,43,286296,3
9,5076,44,4400,1.09,43,286296,4
9,5108,140,14000,3.46,43,286296,1
9,5109,15,1500,0.37,19,286227,3
9,5118,12,1200,0.3,19,286227,4
9,5119,578,57800,14.28,41,286220,2
9,5124,42,4200,1.04,41,286286,2
9,5126,14,1400,0.35,41,286286,1
9,5127,643,64300,15.89,41,286220,3
9,5131,82,8200,2.03,41,286286,3
9,5132,1036,103600,25.6,41,286220,4
9,5134,132,13200,3.26,41,286286,4
9,5135,240,24000,5.93,41,286220,1
9,5138,45,4500,1.11,91,286288,1
9,5139,11,1100,0.27,19,286227,2
9,5141,4,400,0.1,19,286227,1
9,5142,14,1400,0.35,19,286284,4
9,5143,10,1000,0.25,43,286286,2
9,5145,3,300,0.07,19,286284,3
9,5146,3,300,0.07,43,286286,1
9,5147,41,4100,1.01,43,286286,4
9,5153,45,4500,1.11,43,286234,1
9,5154,4,400,0.1,43,286214,4
9,5155,27,2700,0.67,43,286286,3
9,5158,20,2000,0.49,21,286213,3
9,5159,114,11400,2.82,41,286213,3
9,5161,84,8400,2.08,41,286213,2
9,5162,49,4900,1.21,41,286213,4
9,5163,26,2600,0.64,43,286234,2
9,5164,16,1600,0.4,43,2519932,2
9,5165,56,5600,1.38,43,2519932,1
9,5167,56,5600,1.38,21,286212,2
9,5168,41,4100,1.01,41,2519932,1
9,5169,23,2300,0.57,43,286234,3
9,5170,32,3200,0.79,41,2519932,2
9,5171,1,100,0.02,85,286214,2
9,5172,19,1900,0.47,85,286225,3
9,5174,103,10300,2.55,41,286308,2
9,5175,24,2400,0.59,21,286212,3
9,5176,55,5500,1.36,21,286212,1
9,5177,36,3600,0.89,41,286213,1
9,5178,31,3100,0.77,85,286225,2
9,5179,3,300,0.07,85,286225,4
9,5180,48,4800,1.19,41,286308,1
9,5181,9,900,0.22,21,286288,3
9,5182,37,3700,0.91,85,286225,1
9,5184,3,300,0.07,21,286288,2
9,5186,29,2900,0.72,43,286298,1
9,5187,7,700,0.17,21,286213,1
9,5189,40,4000,0.99,41,286308,3
9,5190,1,100,0.02,21,286308,1
9,5196,1,100,0.02,21,286288,4
9,5197,1,100,0.02,43,286234,4
9,5198,7,700,0.17,43,286298,3
9,5199,44,4400,1.09,43,286298,2
9,5203,3,300,0.07,21,286212,4
9,5204,8,800,0.2,85,286284,4
9,5205,16,1600,0.4,85,286284,2
9,5209,23,2300,0.57,85,286284,3
9,5215,1,100,0.02,19,286298,4
9,5220,2,200,0.05,19,286298,2
9,5221,2,200,0.05,19,286298,3
9,5225,8,800,0.2,21,286213,4
9,5226,12,1200,0.3,21,286213,2
9,5227,66,6600,1.63,41,286282,3
9,5228,77,7700,1.9,41,286282,2
9,5231,337,33700,8.33,41,286282,1
9,5232,216,21600,5.34,43,286282,1
9,5238,13,1300,0.32,41,286282,4
9,5243,5,500,0.12,43,286282,2
9,5260,127,12700,3.14,43,286265,4
9,5264,228,22800,5.63,43,286220,2
9,5265,203,20300,5.02,43,286220,3
9,5266,107,10700,2.64,43,286220,1
9,5269,155,15500,3.83,43,286220,4
9,5273,5,500,0.12,43,286265,1
9,5281,186,18600,4.6,21,286264,1
9,5282,11,1100,0.27,41,286233,4
9,5283,2,200,0.05,82,286220,2
9,5288,11,1100,0.27,41,286233,3
9,5289,6,600,0.15,82,286233,2
9,5290,2,200,0.05,82,286220,1
9,5297,11,1100,0.27,82,286233,1
9,5299,9,900,0.22,41,286233,2
9,5302,16,1600,0.4,21,286264,2
9,5305,33,3300,0.82,81,286265,4
9,5306,9,900,0.22,41,286233,1
9,5310,39,3900,0.96,81,286265,3
9,5311,4,400,0.1,11,286220,2
9,5318,15,1500,0.37,81,286265,2
9,5319,8,800,0.2,20,286265,3
9,5320,12,1200,0.3,20,286265,4
9,5321,22,2200,0.54,20,286265,2
9,5322,6,600,0.15,43,286303,2
9,5324,4,400,0.1,81,286265,1
9,5327,1,100,0.02,20,286265,1
9,5330,1,100,0.02,11,286220,1
9,5335,40,4000,0.99,41,286265,3
9,5337,70,7000,1.73,41,286265,4
9,5339,125,12500,3.09,43,286221,2
9,5340,162,16200,4.0,43,286221,3
9,5345,49,4900,1.21,41,286265,2
9,5346,6,600,0.15,21,286264,3
9,5353,9,900,0.22,21,286265,4
9,5354,16,1600,0.4,21,286265,3
9,5355,2,200,0.05,11,286227,3
9,5357,44,4400,1.09,43,286221,1
9,5358,257,25700,6.35,43,286221,4
9,5359,1,100,0.02,11,286227,1
9,5361,10,1000,0.25,41,286265,1
9,5367,1,100,0.02,21,286265,2
9,5373,41,4100,1.01,41,286221,3
9,5374,61,6100,1.51,41,286221,4
9,5375,4,400,0.1,43,286303,3
9,5381,30,3000,0.74,41,286221,2
9,5383,10,1000,0.25,11,286221,1
9,5384,6,600,0.15,11,286221,2
9,5385,5,500,0.12,11,286221,4
9,5386,285,28500,7.04,41,286237,1
9,5388,7,700,0.17,21,286310,3
9,5389,1,100,0.02,19,286221,1
9,5390,10,1000,0.25,19,286221,3
9,5393,12,1200,0.3,43,286310,4
9,5394,26,2600,0.64,43,286310,3
9,5395,20,2000,0.49,43,286310,2
9,5396,6,600,0.15,19,286221,2
9,5397,11,1100,0.27,19,286221,4
9,5398,9,900,0.22,43,286303,4
9,5403,26,2600,0.64,41,286310,1
9,5409,36,3600,0.89,41,286310,2
9,5410,2,200,0.05,21,286305,1
9,5414,26,2600,0.64,41,286310,3
9,5416,1,100,0.02,11,286303,4
9,5417,1,100,0.02,61,286240,2
9,5428,7,700,0.17,43,286264,4
9,5429,25,2500,0.62,19,286264,1
9,5431,1,100,0.02,11,286303,3
9,5432,3,300,0.07,61,286240,4
9,5433,6,600,0.15,61,286240,1
9,5454,3,300,0.07,20,286227,4
9,5474,9,900,0.22,41,286310,4
9,5475,23,2300,0.57,21,286221,3
9,5484,25,2500,0.62,21,286221,2
9,5485,29,2900,0.72,82,286240,1
9,5486,4,400,0.1,82,286240,2
9,5487,1,100,0.02,82,286240,4
9,5488,26,2600,0.64,21,286250,4
9,5489,18,1800,0.44,21,286250,2
9,5490,44,4400,1.09,21,286250,1
9,5495,9,900,0.22,21,286221,1
9,5496,3,300,0.07,82,286250,2
9,5498,7,700,0.17,21,286310,4
9,5499,4,400,0.1,41,286221,1
9,5500,50,5000,1.24,82,286250,1
9,5505,13,1300,0.32,21,286310,2
9,5506,17,1700,0.42,41,286250,1
9,5507,7,700,0.17,21,286250,3
9,5510,3,300,0.07,21,286310,1
9,5524,30,3000,0.74,19,286266,2
9,5525,20,2000,0.49,19,286264,2
9,5526,5,500,0.12,19,286264,3
9,5527,25,2500,0.62,21,286221,4
9,5528,7,700,0.17,33,286212,1
9,5529,5,500,0.12,43,286310,1
9,5536,2,200,0.05,11,286221,3
9,5537,131,13100,3.24,41,3400380,1
9,5538,15,1500,0.37,41,286250,2
9,5541,26,2600,0.64,41,3400380,3
9,5544,1,100,0.02,19,286266,3
9,5545,42,4200,1.04,41,3400380,2
9,5547,1,100,0.02,33,286212,2
9,5548,6,600,0.15,19,286266,1
9,5552,1,100,0.02,11,286240,4
9,5561,8,800,0.2,41,286250,4
9,5562,3,300,0.07,43,286250,3
9,5563,1,100,0.02,43,286250,4
9,5566,1,100,0.02,43,286250,1
9,5567,3,300,0.07,11,3400380,1
9,5570,32,3200,0.79,19,286222,1
9,5571,9,900,0.22,19,286222,3
9,5574,8,800,0.2,19,286222,2
9,5577,3,300,0.07,41,286250,3
9,5578,1,100,0.02,11,3400380,2
9,5579,2,200,0.05,11,3400380,3
9,5585,1,100,0.02,11,3400380,4
9,5587,1,100,0.02,43,3400380,4
9,5594,9,900,0.22,41,3400380,4
9,5600,1,100,0.02,21,3400380,3
9,5608,5,500,0.12,81,286250,1
9,5609,1,100,0.02,21,3400380,4
9,5615,4,400,0.1,81,286240,1
9,5616,4,400,0.1,81,286240,2
9,5623,65,6500,1.61,91,3400380,1
9,5639,7,700,0.17,20,286240,1
9,5640,15,1500,0.37,20,286240,2
9,5645,5,500,0.12,20,286240,3
9,5650,2,200,0.05,20,286249,1
9,5651,5,500,0.12,20,286249,2
9,5655,56,5600,1.38,82,286249,1
9,5679,2,200,0.05,91,3400380,3
9,5686,1,100,0.02,91,3400380,2
10,4664,42,4200,1.04,43,286264,1
10,4691,6,600,0.15,43,286264,2
10,4696,24,2400,0.59,43,286265,2
10,4697,2,200,0.05,43,286265,1
10,4704,14,1400,0.35,43,286265,3
10,4707,160,16000,3.95,82,286264,1
10,4708,33,3300,0.82,82,286265,1
10,4712,11,1100,0.27,43,286283,2
10,4713,8,800,0.2,43,286283,3
10,4716,141,14100,3.48,43,286214,1
10,4718,125,12500,3.09,82,286264,2
10,4720,300,30000,7.41,82,286265,2
10,4729,120,12000,2.97,82,286265,3
10,4733,105,10500,2.59,82,286283,2
10,4734,21,2100,0.52,82,286283,3
10,4736,753,75300,18.61,43,286233,1
10,4737,203,20300,5.02,43,286214,2
10,4743,4,400,0.1,82,286283,1
10,4744,53,5300,1.31,82,286223,1
10,4746,187,18700,4.62,43,286214,3
10,4747,81,8100,2.0,20,286214,1
10,4753,890,89000,21.99,82,286223,2
10,4754,6,600,0.15,43,286223,2
10,4755,4,400,0.1,43,286223,3
10,4756,3,300,0.07,43,286223,4
10,4758,129,12900,3.19,20,286214,3
10,4759,104,10400,2.57,20,286214,2
10,4770,119,11900,2.94,61,286283,2
10,4771,10,1000,0.25,82,286265,4
10,4772,506,50600,12.5,82,286223,3
10,4781,75,7500,1.85,61,286283,1
10,4791,40,4000,0.99,61,286283,3
10,4794,237,23700,5.86,43,286233,2
10,4796,24,2400,0.59,61,286312,1
10,4797,35,3500,0.86,82,286223,4
10,4798,66,6600,1.63,82,286305,2
10,4800,72,7200,1.78,20,286214,4
10,4802,24,2400,0.59,61,286312,2
10,4803,27,2700,0.67,82,286305,3
10,4812,110,11000,2.72,43,286214,4
10,4816,126,12600,3.11,43,286233,3
10,4823,267,26700,6.6,82,286312,2
10,4834,8,800,0.2,82,286305,1
10,4837,15,1500,0.37,61,286312,3
10,4842,3,300,0.07,19,286223,1
10,4849,159,15900,3.93,20,286233,1
10,4852,36,3600,0.89,19,286223,2
10,4853,93,9300,2.3,20,286233,2
10,4855,29,2900,0.72,19,286223,3
10,4866,20,2000,0.49,82,286312,1
10,4869,1,100,0.02,19,286224,3
10,4874,23,2300,0.57,61,286222,1
10,4875,72,7200,1.78,82,286222,3
10,4880,156,15600,3.85,82,286222,2
10,4883,13,1300,0.32,82,286227,2
10,4889,85,8500,2.1,61,286222,2
10,4890,7,700,0.17,61,286283,4
10,4891,2,200,0.05,82,286227,1
10,4895,69,6900,1.71,81,286214,3
10,4896,253,25300,6.25,41,286214,4
10,4898,135,13500,3.34,41,286227,3
10,4900,19,1900,0.47,53,286214,4
10,4901,47,4700,1.16,81,286214,2
10,4902,23,2300,0.57,81,286214,1
10,4903,25,2500,0.62,41,286254,4
10,4906,5,500,0.12,61,286312,4
10,4907,219,21900,5.41,41,286227,4
10,4910,36,3600,0.89,82,286312,3
10,4911,19,1900,0.47,82,286222,1
10,4912,1,100,0.02,82,286227,3
10,4915,5,500,0.12,41,286307,2
10,4918,75,7500,1.85,43,286233,4
10,4919,23,2300,0.57,53,286214,3
10,4920,62,6200,1.53,41,286254,3
10,4921,92,9200,2.27,41,286254,2
10,4922,5,500,0.12,61,286222,3
10,4923,16,1600,0.4,41,286227,2
10,4924,22,2200,0.54,41,286307,3
10,4925,50,5000,1.24,20,286226,1
10,4926,17,1700,0.42,81,286214,4
10,4927,26,2600,0.64,53,286214,2
10,4928,46,4600,1.14,43,286254,2
10,4929,35,3500,0.86,43,286254,3
10,4930,65,6500,1.61,43,286254,1
10,4931,14,1400,0.35,82,286226,1
10,4932,87,8700,2.15,41,286242,1
10,4933,34,3400,0.84,41,286242,2
10,4934,1,100,0.02,41,286233,4
10,4935,47,4700,1.16,20,286226,2
10,4936,1,100,0.02,53,286214,1
10,4937,2,200,0.05,41,286307,4
10,4940,41,4100,1.01,41,286242,3
10,4941,29,2900,0.72,41,286242,4
10,4942,129,12900,3.19,43,286226,1
10,4943,247,24700,6.1,41,286214,3
10,4945,41,4100,1.01,82,286226,2
10,4946,602,60200,14.88,41,286226,3
10,4947,81,8100,2.0,41,286212,2
10,4948,224,22400,5.54,43,286226,2
10,4949,286,28600,7.07,43,286226,3
10,4950,17,1700,0.42,82,286284,3
10,4951,1,100,0.02,20,286242,3
10,4952,42,4200,1.04,20,286226,3
10,4955,23,2300,0.57,82,286284,2
10,4956,573,57300,14.16,41,286226,2
10,4957,289,28900,7.14,41,286212,3
10,4958,161,16100,3.98,41,286214,2
10,4962,427,42700,10.55,41,286226,4
10,4963,323,32300,7.98,41,286226,1
10,4964,18,1800,0.44,82,286222,4
10,4965,50,5000,1.24,41,286214,1
10,4968,175,17500,4.32,41,286212,4
10,4969,20,2000,0.49,61,286284,3
10,4970,13,1300,0.32,82,286284,4
10,4971,4,400,0.1,82,286284,1
10,4972,4,400,0.1,82,286226,3
10,4975,86,8600,2.13,61,286284,2
10,4977,499,49900,12.33,43,286242,1
10,4978,62,6200,1.53,41,286254,1
10,4983,29,2900,0.72,61,286284,1
10,4984,5,500,0.12,43,286212,4
10,4985,32,3200,0.79,43,286234,4
10,4986,406,40600,10.03,43,286242,2
10,4987,84,8400,2.08,43,286234,3
10,4988,63,6300,1.56,43,286234,2
10,4989,53,5300,1.31,43,286234,1
10,4991,14,1400,0.35,43,286212,3
10,4992,1037,103700,25.62,43,286240,1
10,4993,8,800,0.2,20,286226,4
10,4994,396,39600,9.79,43,286242,3
10,4998,50,5000,1.24,41,286234,2
10,5000,330,33000,8.15,43,286226,4
10,5002,4,400,0.1,82,286312,4
10,5003,73,7300,1.8,82,286253,2
10,5004,1316,131600,32.52,43,286240,2
10,5005,2,200,0.05,82,286303,3
10,5007,768,76800,18.98,82,286233,1
10,5011,6,600,0.15,11,286303,2
10,5012,194,19400,4.79,11,286303,1
10,5013,4,400,0.1,11,286303,3
10,5014,84,8400,2.08,82,286233,2
10,5015,46,4600,1.14,82,2399595,2
10,5018,1,100,0.02,82,286303,2
10,5019,149,14900,3.68,43,286204,2
10,5020,264,26400,6.52,43,286204,1
10,5021,99,9900,2.45,82,2399595,1
10,5023,1330,133000,32.86,43,286240,3
10,5026,79,7900,1.95,61,286253,2
10,5029,29,2900,0.72,11,286284,1
10,5030,1,100,0.02,11,286312,2
10,5031,36,3600,0.89,82,286253,3
10,5032,1,100,0.02,41,286222,2
10,5033,1799,179900,44.45,43,286240,4
10,5034,443,44300,10.95,43,286242,4
10,5035,3,300,0.07,11,286312,1
10,5036,62,6200,1.53,61,286253,3
10,5037,98,9800,2.42,43,286204,3
10,5038,14,1400,0.35,61,286223,2
10,5039,8,800,0.2,61,286253,1
10,5040,19,1900,0.47,41,286204,2
10,5041,50,5000,1.24,41,286204,1
10,5042,90,9000,2.22,41,286240,2
10,5043,155,15500,3.83,41,286240,3
10,5044,8,800,0.2,11,286284,2
10,5045,13,1300,0.32,61,286253,4
10,5046,14,1400,0.35,41,286204,3
10,5048,57,5700,1.41,41,286233,1
10,5049,8,800,0.2,61,286284,4
10,5050,174,17400,4.3,41,286240,4
10,5051,50,5000,1.24,41,286240,1
10,5054,8,800,0.2,82,286242,1
10,5055,18,1800,0.44,41,286249,2
10,5056,10,1000,0.25,41,286249,1
10,5057,14,1400,0.35,41,286249,3
10,5059,245,24500,6.05,41,286225,3
10,5060,218,21800,5.39,41,286225,2
10,5061,417,41700,10.3,41,286225,4
10,5062,10,1000,0.25,41,286249,4
10,5066,200,20000,4.94,19,286226,3
10,5067,221,22100,5.46,19,286226,4
10,5068,9,900,0.22,82,286233,3
10,5070,1,100,0.02,61,286223,1
10,5071,80,8000,1.98,41,286225,1
10,5073,31,3100,0.77,43,2399595,1
10,5074,3866,386600,95.53,43,2519931,1
10,5077,4,400,0.1,61,286225,2
10,5078,43,4300,1.06,43,286249,4
10,5079,44,4400,1.09,43,2399595,2
10,5080,274,27400,6.77,19,286226,2
10,5081,35,3500,0.86,19,286284,3
10,5082,5,500,0.12,41,286253,2
10,5083,5,500,0.12,41,286253,3
10,5084,3,300,0.07,41,286253,1
10,5085,47,4700,1.16,41,286223,2
10,5086,8,800,0.2,41,286223,1
10,5087,52,5200,1.28,19,286212,3
10,5088,78,7800,1.93,43,286249,2
10,5089,182,18200,4.5,19,286226,1
10,5090,170,17000,4.2,41,286284,2
10,5091,140,14000,3.46,41,286284,1
10,5092,22,2200,0.54,19,286284,2
10,5093,24,2400,0.59,19,286284,4
10,5094,12,1200,0.3,19,286253,4
10,5095,41,4100,1.01,19,286253,3
10,5096,49,4900,1.21,19,286253,2
10,5097,6,600,0.15,19,286253,1
10,5098,76,7600,1.88,41,286223,3
10,5099,30,3000,0.74,41,286223,4
10,5100,9,900,0.22,19,286212,2
10,5101,61,6100,1.51,43,286249,3
10,5102,33,3300,0.82,43,2399595,3
10,5103,65,6500,1.61,43,2399595,4
10,5104,313,31300,7.73,43,2519931,2
10,5105,10,1000,0.25,19,286284,1
10,5106,66,6600,1.63,19,286225,3
10,5110,245,24500,6.05,43,286249,1
10,5114,4,400,0.1,41,2399595,1
10,5115,4,400,0.1,41,2399595,2
10,5116,223,22300,5.51,43,2519931,3
10,5117,226,22600,5.58,43,2519931,4
10,5120,1,100,0.02,19,286223,4
10,5121,16,1600,0.4,19,286212,4
10,5122,27,2700,0.67,19,286225,2
10,5128,338,33800,8.35,41,286220,3
10,5129,133,13300,3.29,41,286284,3
10,5130,59,5900,1.46,43,286204,4
10,5133,252,25200,6.23,41,286220,2
10,5136,110,11000,2.72,41,286284,4
10,5137,1013,101300,25.03,41,2519931,1
10,5140,47,4700,1.16,19,286225,4
10,5144,670,67000,16.56,41,286220,4
10,5149,121,12100,2.99,43,286293,1
10,5150,266,26600,6.57,43,286293,3
10,5151,177,17700,4.37,43,286293,2
10,5152,36,3600,0.89,41,2519931,3
10,5156,644,64400,15.91,43,286293,4
10,5157,58,5800,1.43,41,2519931,4
10,5160,79,7900,1.95,41,286220,1
10,5166,36,3600,0.89,41,2519931,2
10,5173,89,8900,2.2,41,286293,4
10,5183,8,800,0.2,41,286293,2
10,5185,21,2100,0.52,41,286293,3
10,5188,5,500,0.12,91,286240,1
10,5191,26,2600,0.64,41,286288,4
10,5192,1008,100800,24.91,43,286288,1
10,5193,103,10300,2.55,91,286288,1
10,5194,3,300,0.07,91,286240,2
10,5195,197,19700,4.87,43,286288,4
10,5200,2,200,0.05,91,286240,4
10,5201,2,200,0.05,91,286240,3
10,5202,182,18200,4.5,43,286288,3
10,5206,66,6600,1.63,41,286310,4
10,5207,242,24200,5.98,43,286288,2
10,5208,13,1300,0.32,91,286288,2
10,5210,18,1800,0.44,41,286288,3
10,5211,27,2700,0.67,41,286288,2
10,5212,5,500,0.12,91,286288,3
10,5213,209,20900,5.16,43,286239,2
10,5214,364,36400,8.99,43,286239,4
10,5216,45,4500,1.11,41,286310,3
10,5217,36,3600,0.89,41,286288,1
10,5218,306,30600,7.56,43,286239,3
10,5219,279,27900,6.89,43,286239,1
10,5222,3,300,0.07,91,286288,4
10,5223,10,1000,0.25,41,286310,2
10,5224,2,200,0.05,41,286293,1
10,5229,445,44500,11.0,43,286310,3
10,5230,332,33200,8.2,43,286310,4
10,5233,304,30400,7.51,43,286310,2
10,5234,268,26800,6.62,41,3400380,1
10,5235,18,1800,0.44,41,3400380,2
10,5236,6,600,0.15,41,3400380,4
10,5237,269,26900,6.65,43,286310,1
10,5239,46,4600,1.14,19,286239,1
10,5240,17,1700,0.42,19,286239,2
10,5241,1172,117200,28.96,43,3400380,1
10,5242,114,11400,2.82,43,3400380,2
10,5244,19,1900,0.47,19,286239,3
10,5245,96,9600,2.37,19,286220,4
10,5246,84,8400,2.08,43,286225,4
10,5247,76,7600,1.88,43,3400380,4
10,5248,44,4400,1.09,19,286220,3
10,5249,53,5300,1.31,19,286220,2
10,5250,64,6400,1.58,43,286225,3
10,5251,52,5200,1.28,43,286225,2
10,5252,64,6400,1.58,43,3400380,3
10,5253,13,1300,0.32,19,286239,4
10,5254,17,1700,0.42,19,286220,1
10,5255,67,6700,1.66,43,286220,4
10,5256,45,4500,1.11,43,286220,3
10,5257,29,2900,0.72,43,286225,1
10,5258,3,300,0.07,41,3400380,3
10,5259,4,400,0.1,19,286234,3
10,5261,20,2000,0.49,43,286220,1
10,5262,3,300,0.07,43,286284,4
10,5263,27,2700,0.67,43,286220,2
10,5267,19,1900,0.47,43,286284,2
10,5268,32,3200,0.79,43,286284,1
10,5270,15,1500,0.37,43,286284,3
10,5271,425,42500,10.5,91,3400380,1
10,5272,7,700,0.17,19,286225,1
10,5274,12,1200,0.3,19,286234,4
10,5275,6,600,0.15,19,286234,1
10,5276,2,200,0.05,19,286234,2
10,5277,41,4100,1.01,41,286234,4
10,5278,45,4500,1.11,41,286234,1
10,5279,11,1100,0.27,91,3400380,3
10,5280,148,14800,3.66,43,286274,1
10,5284,19,1900,0.47,41,286233,2
10,5285,4,400,0.1,41,286233,3
10,5286,89,8900,2.2,41,286234,3
10,5287,22,2200,0.54,91,3400380,2
10,5291,3,300,0.07,82,286220,1
10,5292,5,500,0.12,82,286220,2
10,5293,4,400,0.1,20,286220,2
10,5294,10,1000,0.25,20,286220,3
10,5295,22,2200,0.54,20,286220,4
10,5296,4,400,0.1,43,286274,2
10,5298,61,6100,1.51,82,286234,1
10,5300,98,9800,2.42,82,286234,2
10,5301,353,35300,8.72,43,286287,1
10,5303,15,1500,0.37,20,286284,3
10,5304,3,300,0.07,81,286239,3
10,5307,9,900,0.22,20,286234,4
10,5308,13,1300,0.32,20,286284,2
10,5309,23,2300,0.57,81,286239,1
10,5312,18,1800,0.44,20,286234,1
10,5313,10,1000,0.25,20,286284,4
10,5314,3,300,0.07,82,286234,4
10,5315,33,3300,0.82,20,286234,2
10,5316,51,5100,1.26,20,286234,3
10,5317,31,3100,0.77,82,286234,3
10,5323,59,5900,1.46,20,286310,2
10,5325,94,9400,2.32,20,286310,3
10,5326,109,10900,2.69,43,286304,1
10,5328,15,1500,0.37,20,286284,1
10,5329,46,4600,1.14,19,286240,1
10,5331,1,100,0.02,43,286274,3
10,5332,2,200,0.05,43,286274,4
10,5333,50,5000,1.24,43,286304,2
10,5334,10,1000,0.25,19,286240,2
10,5336,37,3700,0.91,43,286304,3
10,5338,9,900,0.22,19,286240,3
10,5341,5,500,0.12,20,286304,2
10,5342,30,3000,0.74,41,286304,1
10,5343,1,100,0.02,19,286304,4
10,5344,9,900,0.22,19,286240,4
10,5347,1,100,0.02,20,286304,3
10,5348,27,2700,0.67,41,286304,2
10,5349,26,2600,0.64,91,286287,1
10,5350,1,100,0.02,19,286304,2
10,5351,2,200,0.05,19,286304,3
10,5352,2,200,0.05,19,286304,1
10,5356,12,1200,0.3,41,286304,3
10,5360,1,100,0.02,82,286220,3
10,5362,14,1400,0.35,20,286304,1
10,5363,2,200,0.05,91,286287,2
10,5364,19,1900,0.47,43,286287,2
10,5365,240,24000,5.93,43,2519932,1
10,5366,28,2800,0.69,43,2519932,4
10,5368,10,1000,0.25,43,286287,3
10,5369,61,6100,1.51,43,286241,3
10,5370,48,4800,1.19,43,2519932,2
10,5371,14,1400,0.35,43,286304,4
10,5376,131,13100,3.24,43,286241,4
10,5377,40,4000,0.99,43,286241,2
10,5378,12,1200,0.3,43,286241,1
10,5379,49,4900,1.21,43,2519932,3
10,5382,5,500,0.12,61,286240,1
10,5387,12,1200,0.3,61,286240,3
10,5391,15,1500,0.37,61,286240,2
10,5392,2,200,0.05,43,286287,4
10,5399,90,9000,2.22,82,286249,1
10,5400,12,1200,0.3,82,286249,2
10,5401,2,200,0.05,41,286250,4
10,5402,70,7000,1.73,43,286309,4
10,5405,2,200,0.05,61,286240,4
10,5406,6,600,0.15,82,286249,3
10,5407,2,200,0.05,41,286250,3
10,5408,5,500,0.12,41,286250,2
10,5411,7,700,0.17,20,286249,2
10,5412,24,2400,0.59,20,286250,1
10,5413,27,2700,0.67,43,286309,3
10,5418,1,100,0.02,61,286250,3
10,5419,13,1300,0.32,61,286250,2
10,5420,69,6900,1.71,82,286250,2
10,5421,1,100,0.02,82,286240,4
10,5422,2,200,0.05,82,286240,3
10,5423,33,3300,0.82,20,286249,1
10,5424,4,400,0.1,20,286249,3
10,5425,57,5700,1.41,43,286309,2
10,5426,84,8400,2.08,43,286309,1
10,5427,10,1000,0.25,81,286309,2
10,5434,26,2600,0.64,82,286250,3
10,5435,4,400,0.1,82,286250,4
10,5436,21,2100,0.52,20,286250,2
10,5437,35,3500,0.86,81,286309,1
10,5440,1,100,0.02,61,286250,1
10,5441,136,13600,3.36,82,286250,1
10,5442,30,3000,0.74,43,286303,1
10,5443,9,900,0.22,21,286250,1
10,5444,10,1000,0.25,21,286250,2
10,5445,12,1200,0.3,20,286250,3
10,5446,62,6200,1.53,91,286303,1
10,5447,5,500,0.12,21,286240,1
10,5448,8,800,0.2,43,286303,2
10,5450,12,1200,0.3,21,286250,3
10,5451,25,2500,0.62,43,286250,2
10,5452,10,1000,0.25,43,286303,3
10,5461,3,300,0.07,21,286240,2
10,5462,3,300,0.07,21,286240,3
10,5463,20,2000,0.49,43,286250,3
10,5473,2,200,0.05,21,286240,4
10,5476,13,1300,0.32,43,286250,1
10,5477,14,1400,0.35,11,286288,1
10,5479,8,800,0.2,21,286250,4
10,5480,11,1100,0.27,20,286240,3
10,5481,4,400,0.1,20,286240,1
10,5491,17,1700,0.42,20,286240,4
10,5492,1,100,0.02,91,286303,2
10,5497,2,200,0.05,53,286240,1
10,5501,14,1400,0.35,20,286240,2
10,5502,2,200,0.05,91,286304,1
10,5503,7,700,0.17,53,286240,2
10,5504,6,600,0.15,53,286240,3
10,5508,5,500,0.12,43,286250,4
10,5509,5,500,0.12,53,286240,4
10,5513,1,100,0.02,11,286304,2
10,5514,1,100,0.02,11,286304,1
10,5517,5,500,0.12,43,286303,4
10,5518,11,1100,0.27,11,286310,1
10,5521,1,100,0.02,11,286303,4
10,5522,4,400,0.1,11,286310,3
10,5523,5,500,0.12,11,286310,2
10,5542,16,1600,0.4,81,286310,1
10,5543,10,1000,0.25,81,286310,2
10,5546,7,700,0.17,11,3400380,1
10,5553,1,100,0.02,82,286240,2
10,5556,1,100,0.02,82,3400380,3
10,5564,5,500,0.12,82,3400380,2
10,5568,38,3800,0.94,20,286310,4
10,5569,68,6800,1.68,20,286310,1
10,5580,3,300,0.07,82,3400380,1
10,5581,16,1600,0.4,20,286233,4
10,5582,32,3200,0.79,20,286233,3
10,5586,117,11700,2.89,81,286233,1
10,5588,4,400,0.1,41,286250,1
10,5589,69,6900,1.71,81,286233,2
10,5595,30,3000,0.74,81,286233,3
10,5596,1,100,0.02,81,286310,3
10,5652,3,300,0.07,19,286233,2
10,5653,10,1000,0.25,19,286233,1
10,5656,5,500,0.12,19,286310,4
10,5657,7,700,0.17,19,286233,4
10,5658,8,800,0.2,19,286233,3
10,5659,4,400,0.1,81,286233,4
10,5660,1,100,0.02,20,2519932,4
10,5665,3,300,0.07,19,286310,3
10,5666,1,100,0.02,20,2519932,3
10,5671,2,200,0.05,19,286310,2
10,5672,1,100,0.02,20,2519932,2
10,5673,19,1900,0.47,11,2519932,1
10,5676,1,100,0.02,19,286310,1
10,5677,9,900,0.22,20,2519932,1
10,5678,2,200,0.05,11,286310,4
10,5683,9,900,0.22,91,286310,1
10,5684,34,3400,0.84,91,2519932,1
10,5709,16,1600,0.4,20,286204,1
10,5716,7,700,0.17,20,286204,2
10,5720,1,100,0.02,20,286204,3
11,5372,1,100,0.02,21,286264,1
11,5380,145,14500,3.58,43,286264,1
11,5404,390,39000,9.64,43,286226,1
11,5415,629,62900,15.54,43,286226,2
11,5430,912,91200,22.54,43,286226,3
11,5438,18,1800,0.44,19,286264,1
11,5439,8,800,0.2,43,286221,2
11,5449,1,100,0.02,43,286221,1
11,5453,819,81900,20.24,41,286227,2
11,5455,14,1400,0.35,20,286227,4
11,5456,5,500,0.12,20,286284,4
11,5457,523,52300,12.92,41,286284,3
11,5458,1871,187100,46.23,41,286226,3
11,5459,1422,142200,35.14,41,286226,2
11,5460,495,49500,12.23,41,286226,1
11,5464,1733,173300,42.82,41,286227,3
11,5465,16,1600,0.4,20,286227,3
11,5466,301,30100,7.44,41,286284,4
11,5467,728,72800,17.99,41,286284,2
11,5468,335,33500,8.28,21,286226,1
11,5469,2304,230400,56.93,41,286227,4
11,5470,1,100,0.02,20,286227,2
11,5471,840,84000,20.76,41,286284,1
11,5472,120,12000,2.97,41,286221,2
11,5478,152,15200,3.76,41,286221,3
11,5482,322,32200,7.96,21,286226,2
11,5483,954,95400,23.57,41,286226,4
11,5493,90,9000,2.22,43,286313,2
11,5494,101,10100,2.5,43,286313,1
11,5511,553,55300,13.66,41,286313,2
11,5512,42,4200,1.04,41,286221,1
11,5515,219,21900,5.41,41,286313,1
11,5516,1,100,0.02,43,286313,3
11,5519,342,34200,8.45,41,286313,3
11,5520,628,62800,15.52,41,286221,4
11,5530,34,3400,0.84,19,286313,1
11,5531,17,1700,0.42,19,286313,2
11,5532,24,2400,0.59,19,286266,1
11,5533,161,16100,3.98,41,286227,1
11,5534,75,7500,1.85,41,286225,4
11,5535,66,6600,1.63,41,286225,3
11,5539,19,1900,0.47,19,286266,2
11,5540,27,2700,0.67,41,286225,2
11,5549,116,11600,2.87,43,286266,2
11,5550,5,500,0.12,19,286313,3
11,5551,39,3900,0.96,41,286264,1
11,5554,7,700,0.17,41,286264,2
11,5555,90,9000,2.22,41,286313,4
11,5557,2,200,0.05,41,286264,3
11,5558,56,5600,1.38,43,286266,1
11,5559,23,2300,0.57,81,286313,1
11,5560,5,500,0.12,81,286313,2
11,5565,392,39200,9.69,41,286266,2
11,5572,311,31100,7.68,41,286266,1
11,5573,78,7800,1.93,41,286220,2
11,5575,22,2200,0.54,43,286266,3
11,5576,113,11300,2.79,41,286220,3
11,5583,233,23300,5.76,41,286220,4
11,5584,40,4000,0.99,41,286220,1
11,5590,72,7200,1.78,41,286237,2
11,5591,47,4700,1.16,41,286237,3
11,5592,27,2700,0.67,21,286250,2
11,5593,60,6000,1.48,21,286250,1
11,5597,79,7900,1.95,41,286204,4
11,5598,18,1800,0.44,21,286250,4
11,5599,387,38700,9.56,41,286250,2
11,5601,18,1800,0.44,43,286237,2
11,5602,13,1300,0.32,43,286237,3
11,5603,55,5500,1.36,41,286237,1
11,5604,173,17300,4.27,41,286266,3
11,5605,117,11700,2.89,41,286204,3
11,5606,221,22100,5.46,41,286250,1
11,5607,12,1200,0.3,81,286250,1
11,5610,12,1200,0.3,43,286237,1
11,5611,180,18000,4.45,41,2519932,2
11,5612,107,10700,2.64,41,286266,4
11,5613,72,7200,1.78,20,286204,2
11,5614,57,5700,1.41,20,286250,1
11,5617,2632,263200,65.04,41,2519932,1
11,5618,77,7700,1.9,91,2519932,1
11,5619,6,600,0.15,91,286284,1
11,5620,208,20800,5.14,20,286204,1
11,5621,73,7300,1.8,20,286250,2
11,5622,10,1000,0.25,81,286240,1
11,5624,298,29800,7.36,41,286229,2
11,5625,83,8300,2.05,41,286229,1
11,5626,105,10500,2.59,41,286204,2
11,5627,6,600,0.15,81,286250,2
11,5628,12,1200,0.3,81,286240,2
11,5629,14,1400,0.35,81,286240,3
11,5630,30,3000,0.74,43,286284,2
11,5631,26,2600,0.64,43,286284,1
11,5632,303,30300,7.49,41,286229,4
11,5633,302,30200,7.46,41,286229,3
11,5634,22,2200,0.54,20,286204,3
11,5635,210,21000,5.19,41,286240,2
11,5636,8,800,0.2,20,286204,4
11,5637,153,15300,3.78,20,286240,2
11,5638,159,15900,3.93,20,286240,1
11,5641,1,100,0.02,91,286237,1
11,5642,51,5100,1.26,20,286240,3
11,5643,242,24200,5.98,41,286240,3
11,5644,1,100,0.02,81,286240,4
11,5646,585,58500,14.46,41,286240,4
11,5647,192,19200,4.74,41,286240,1
11,5648,23,2300,0.57,11,286240,1
11,5649,1157,115700,28.59,11,286303,1
11,5654,62,6200,1.53,41,286249,2
11,5661,179,17900,4.42,41,286204,1
11,5662,156,15600,3.85,41,286249,1
11,5663,45,4500,1.11,41,286249,3
11,5664,48,4800,1.19,82,286249,2
11,5667,117,11700,2.89,21,286204,1
11,5668,25,2500,0.62,21,286240,1
11,5669,5,500,0.12,11,286249,1
11,5670,1071,107100,26.46,82,286249,1
11,5674,51,5100,1.26,43,286229,2
11,5675,25,2500,0.62,43,286229,1
11,5680,2,200,0.05,43,286220,1
11,5681,15,1500,0.37,21,286204,2
11,5682,885,88500,21.87,20,286233,1
11,5685,640,64000,15.81,82,286240,1
11,5687,785,78500,19.4,43,286233,1
11,5688,312,31200,7.71,43,286233,2
11,5689,68,6800,1.68,20,286233,3
11,5690,25,2500,0.62,20,286233,4
11,5691,223,22300,5.51,20,286233,2
11,5692,159,15900,3.93,82,286240,2
11,5693,5,500,0.12,91,286240,3
11,5694,288,28800,7.12,43,286310,1
11,5695,137,13700,3.39,43,286233,3
11,5696,70,7000,1.73,82,286240,3
11,5697,410,41000,10.13,91,3400380,1
11,5698,230,23000,5.68,43,286310,2
11,5699,89,8900,2.2,41,286234,1
11,5700,22,2200,0.54,21,286234,1
11,5701,13,1300,0.32,91,3400380,2
11,5702,125,12500,3.09,91,286303,1
11,5703,73,7300,1.8,20,286310,3
11,5704,35,3500,0.86,20,286310,4
11,5705,6,600,0.15,91,286240,4
11,5706,10,1000,0.25,43,286303,2
11,5707,105,10500,2.59,20,286310,1
11,5708,85,8500,2.1,20,286310,2
11,5710,107,10700,2.64,41,286233,2
11,5711,46,4600,1.14,41,286233,3
11,5712,167,16700,4.13,41,286233,1
11,5713,7883,788300,194.79,82,286233,1
11,5714,2,200,0.05,91,3400380,3
11,5715,10,1000,0.25,43,286303,1
11,5717,6,600,0.15,81,286266,3
11,5718,14,1400,0.35,81,286266,2
11,5719,119,11900,2.94,41,286234,2
11,5721,17,1700,0.42,19,286284,1
11,5722,13,1300,0.32,19,286284,2
11,5723,13,1300,0.32,81,286266,1
11,5724,775,77500,19.15,41,286228,3
11,5725,16,1600,0.4,21,286234,2
11,5726,430,43000,10.63,82,286233,2
11,5727,112,11200,2.77,43,286204,2
11,5728,1515,151500,37.44,41,286228,4
11,5729,20,2000,0.49,21,286240,2
11,5730,130,13000,3.21,19,286226,1
11,5731,1221,122100,30.17,82,286234,1
11,5732,13,1300,0.32,82,286240,4
11,5733,29,2900,0.72,43,286310,4
11,5734,114,11400,2.82,43,286310,3
11,5735,586,58600,14.48,43,286204,1
11,5736,218,21800,5.39,19,286226,2
11,5737,67,6700,1.66,41,286234,3
11,5738,5,500,0.12,91,286303,4
11,5739,88,8800,2.17,11,286303,2
11,5740,32,3200,0.79,43,286233,4
11,5741,2,200,0.05,21,286234,3
11,5742,5,500,0.12,91,286303,3
11,5743,370,37000,9.14,41,286228,2
11,5744,1,100,0.02,21,286220,4
11,5745,2,200,0.05,21,286220,2
11,5746,564,56400,13.94,82,286234,2
11,5747,28,2800,0.69,41,286303,2
11,5748,3,300,0.07,11,286310,1
11,5749,32,3200,0.79,81,286226,1
11,5750,80,8000,1.98,81,286226,2
11,5751,11,1100,0.27,11,286284,1
11,5752,4,400,0.1,21,286284,2
11,5753,15,1500,0.37,43,286204,3
11,5754,232,23200,5.73,19,286226,3
11,5755,68,6800,1.68,81,286226,3
11,5756,3,300,0.07,81,286284,3
11,5757,20,2000,0.49,11,286233,1
11,5758,1,100,0.02,81,286284,2
11,5759,30,3000,0.74,41,286303,1
11,5760,2,200,0.05,11,286284,2
11,5761,58,5800,1.43,11,286303,3
11,5762,35,3500,0.86,43,286240,3
11,5763,34,3400,0.84,41,286234,4
11,5764,80,8000,1.98,43,286240,1
11,5765,129,12900,3.19,41,286228,1
11,5766,4,400,0.1,91,286303,2
11,5767,6,600,0.15,43,286303,3
11,5768,90,9000,2.22,19,286226,4
11,5769,26,2600,0.64,81,286226,4
11,5770,2,200,0.05,91,286240,2
11,5771,3,300,0.07,20,286303,3
11,5772,55,5500,1.36,19,286227,4
11,5773,49,4900,1.21,21,286233,1
11,5774,2,200,0.05,11,286310,2
11,5775,45,4500,1.11,19,286227,3
11,5776,24,2400,0.59,21,286233,2
11,5777,4,400,0.1,11,286240,2
11,5778,243,24300,6.0,41,286296,3
11,5779,17,1700,0.42,41,286303,3
11,5780,5,500,0.12,21,286233,3
11,5781,2,200,0.05,11,286240,4
11,5782,17,1700,0.42,20,286240,4
11,5783,70,7000,1.73,20,286249,2
11,5784,43,4300,1.06,20,286249,3
11,5785,215,21500,5.31,20,286249,1
11,5786,28,2800,0.69,43,286240,2
11,5787,204,20400,5.04,41,286296,2
11,5788,57,5700,1.41,82,286208,2
11,5789,8,800,0.2,82,286208,3
11,5790,184,18400,4.55,82,286208,1
11,5791,155,15500,3.83,82,286234,3
11,5792,72,7200,1.78,41,286296,4
11,5793,2,200,0.05,82,286284,3
11,5794,16,1600,0.4,41,286303,4
11,5795,2,200,0.05,82,286284,4
11,5796,19,1900,0.47,20,286226,4
11,5797,1,100,0.02,82,286208,4
11,5798,17,1700,0.42,11,286303,4
11,5799,68,6800,1.68,41,286208,4
11,5800,6,600,0.15,20,286226,3
11,5801,51,5100,1.26,41,286208,1
11,5802,3,300,0.07,11,286240,3
11,5803,234,23400,5.78,20,286234,1
11,5804,14,1400,0.35,20,286226,2
11,5805,304,30400,7.51,41,286212,4
11,5806,6,600,0.15,20,286209,3
11,5807,67,6700,1.66,20,286234,2
11,5808,237,23700,5.86,43,286227,2
11,5809,262,26200,6.47,41,286212,3
11,5810,52,5200,1.28,41,286208,3
11,5811,76,7600,1.88,41,286208,2
11,5812,1,100,0.02,20,286303,2
11,5813,12,1200,0.3,20,286209,1
11,5814,19,1900,0.47,20,286293,2
11,5815,3,300,0.07,20,286209,2
11,5816,52,5200,1.28,43,286227,1
11,5817,81,8100,2.0,41,286212,1
11,5818,304,30400,7.51,41,286212,2
11,5819,29,2900,0.72,20,286208,2
11,5820,1,100,0.02,20,286209,4
11,5821,226,22600,5.58,41,286222,2
11,5822,654,65400,16.16,43,286227,3
11,5823,15,1500,0.37,20,286293,3
11,5824,10,1000,0.25,20,286293,1
11,5825,8,800,0.2,41,286209,3
11,5826,1,100,0.02,41,286209,4
11,5827,1168,116800,28.86,41,286304,1
11,5828,97,9700,2.4,41,286304,3
11,5829,6,600,0.15,20,286293,4
11,5830,152,15200,3.76,41,286293,2
11,5831,32,3200,0.79,41,286293,4
11,5832,15,1500,0.37,82,286209,1
11,5833,222,22200,5.49,41,286222,1
11,5834,39,3900,0.96,41,286304,4
11,5835,24,2400,0.59,82,286304,2
11,5836,250,25000,6.18,41,286304,2
11,5837,98,9800,2.42,41,286293,3
11,5838,1,100,0.02,11,286209,2
11,5839,4,400,0.1,41,286209,2
11,5840,1062,106200,26.24,43,286227,4
11,5841,7,700,0.17,82,286304,3
11,5842,5,500,0.12,20,286304,3
11,5843,212,21200,5.24,41,286293,1
11,5844,7,700,0.17,82,286209,2
11,5845,4,400,0.1,20,286304,2
11,5846,1,100,0.02,11,286209,1
11,5847,1,100,0.02,82,286209,3
11,5848,3,300,0.07,20,286304,1
11,5849,743,74300,18.36,82,286204,1
11,5850,85,8500,2.1,43,286240,4
11,5851,42,4200,1.04,43,286284,3
11,5852,9,900,0.22,11,286304,2
11,5853,10,1000,0.25,11,286304,1
11,5854,56,5600,1.38,82,286204,2
11,5855,1,100,0.02,11,286304,3
11,5856,16,1600,0.4,20,286208,4
11,5857,33,3300,0.82,20,2399595,1
11,5858,17,1700,0.42,20,2399595,2
11,5859,18,1800,0.44,20,286208,3
11,5860,14,1400,0.35,20,2399595,3
11,5861,6,600,0.15,20,2399595,4
11,5862,13,1300,0.32,43,2399595,3
11,5863,26,2600,0.64,43,2399595,2
11,5864,16,1600,0.4,43,2399595,1
11,5865,2,200,0.05,20,286304,4
11,5866,50,5000,1.24,20,286208,1
11,5867,37,3700,0.91,81,286304,2
11,5868,108,10800,2.67,81,286304,1
11,5869,39,3900,0.96,81,2399595,2
11,5870,26,2600,0.64,81,2399595,1
11,5871,329,32900,8.13,43,286222,1
11,5872,53,5300,1.31,81,286204,1
11,5873,180,18000,4.45,43,286222,2
11,5874,39,3900,0.96,82,286304,1
11,5875,438,43800,10.82,82,2399595,1
11,5876,24,2400,0.59,81,286233,2
11,5877,20,2000,0.49,81,286204,2
11,5878,32,3200,0.79,82,286226,3
11,5879,29,2900,0.72,82,286226,2
11,5880,11,1100,0.27,43,286221,3
11,5881,45,4500,1.11,43,286221,4
11,5882,68,6800,1.68,21,286227,2
11,5883,12,1200,0.3,81,286241,2
11,5884,76,7600,1.88,82,2399595,2
11,5885,31,3100,0.77,81,2399595,3
11,5886,5,500,0.12,81,286233,3
11,5887,77,7700,1.9,19,286204,1
11,5888,23,2300,0.57,21,286227,1
11,5889,1,100,0.02,21,286284,1
11,5890,2,200,0.05,20,286303,4
11,5891,5,500,0.12,11,286241,2
11,5892,1,100,0.02,81,286249,3
11,5893,33,3300,0.82,82,2399595,3
11,5894,238,23800,5.88,81,286233,1
11,5895,2,200,0.05,11,286284,3
11,5896,1,100,0.02,11,286208,3
11,5897,30,3000,0.74,81,286241,3
11,5898,8,800,0.2,81,286304,3
11,5899,3,300,0.07,82,286227,3
11,5900,50,5000,1.24,81,286241,4
11,5901,8,800,0.2,81,2399595,4
11,5902,33,3300,0.82,82,286227,2
11,5903,2,200,0.05,11,286227,3
11,5904,11,1100,0.27,81,286239,3
11,5905,24,2400,0.59,81,286239,4
11,5906,11,1100,0.27,82,286226,1
11,5907,168,16800,4.15,21,286227,3
11,5908,88,8800,2.17,82,286239,2
11,5909,15,1500,0.37,82,286239,4
11,5910,10,1000,0.25,82,286239,3
11,5911,1093,109300,27.01,82,286239,1
11,5912,57,5700,1.41,82,286233,3
11,5913,1,100,0.02,81,286239,2
11,5914,8,800,0.2,82,286227,1
11,5915,263,26300,6.5,21,286227,4
11,5916,15,1500,0.37,11,286241,4
11,5917,210,21000,5.19,43,286241,4
11,5918,12,1200,0.3,82,286241,4
11,5919,3,300,0.07,82,286241,3
11,5920,8,800,0.2,19,286222,2
11,5921,9,900,0.22,19,286222,1
11,5922,7,700,0.17,43,286239,4
11,5923,52,5200,1.28,19,286227,2
11,5924,8,800,0.2,11,286227,2
11,5925,9,900,0.22,43,286239,3
11,5926,4,400,0.1,43,286249,4
11,5927,9,900,0.22,43,286249,3
11,5928,96,9600,2.37,21,286222,1
11,5929,7,700,0.17,43,286249,2
11,5930,42,4200,1.04,21,286222,2
11,5931,19,1900,0.47,43,286249,1
11,5932,27,2700,0.67,21,286240,3
11,5933,13,1300,0.32,21,286221,1
11,5934,11,1100,0.27,21,286221,2
11,5935,26,2600,0.64,21,286221,3
11,5936,61,6100,1.51,21,286221,4
11,5937,9,900,0.22,41,286222,3
11,5938,34,3400,0.84,21,286240,4
11,5939,26,2600,0.64,43,286222,3
11,5940,6,600,0.15,21,286222,3
11,5941,496,49600,12.26,82,286262,1
11,5942,44,4400,1.09,20,286228,4
11,5943,16,1600,0.4,20,286228,3
11,5944,494,49400,12.21,41,286241,4
11,5945,3,300,0.07,11,286234,2
11,5946,17,1700,0.42,11,286234,1
11,5947,46,4600,1.14,43,286262,1
11,5948,358,35800,8.85,41,286262,1
11,5949,192,19200,4.74,43,286229,4
11,5950,7,700,0.17,41,286233,4
11,5951,127,12700,3.14,41,286262,2
11,5952,12,1200,0.3,20,286296,4
11,5953,24,2400,0.59,20,286234,3
11,5954,1,100,0.02,11,286234,3
11,5955,37,3700,0.91,20,286262,1
11,5956,2,200,0.05,19,2399595,2
11,5957,11,1100,0.27,43,286262,2
11,5958,699,69900,17.27,43,2519932,1
11,5959,8,800,0.2,20,286234,4
11,5960,290,29000,7.17,82,286298,1
11,5961,15,1500,0.37,19,286204,2
11,5962,90,9000,2.22,43,2519932,2
11,5963,43,4300,1.06,43,2519932,3
11,5964,20,2000,0.49,21,286229,4
11,5965,15,1500,0.37,21,286229,1
11,5966,23,2300,0.57,21,286229,2
11,5967,16,1600,0.4,41,2399595,2
11,5968,1,100,0.02,19,2399595,1
11,5969,19,1900,0.47,21,286229,3
11,5970,27,2700,0.67,20,286262,2
11,5971,18,1800,0.44,41,2399595,1
11,5972,26,2600,0.64,41,286262,3
11,5973,25,2500,0.62,21,286241,4
11,5974,5,500,0.12,41,286262,4
11,5975,293,29300,7.24,21,286226,3
11,5976,6,600,0.15,20,286296,3
11,5977,9,900,0.22,20,286296,2
11,5978,2,200,0.05,11,286241,3
11,5979,3,300,0.07,19,286204,3
11,5980,18,1800,0.44,21,286241,3
11,5981,2,200,0.05,21,286233,4
11,5982,9,900,0.22,82,286298,2
11,5983,132,13200,3.26,21,286228,3
11,5984,144,14400,3.56,21,286228,4
11,5985,2,200,0.05,11,286228,3
11,5986,2,200,0.05,11,286228,1
11,5987,188,18800,4.65,43,286229,3
11,5988,49,4900,1.21,82,286262,2
11,5989,2,200,0.05,82,286262,3
11,5990,1,100,0.02,11,286228,4
11,5991,4,400,0.1,23,286221,4
11,5992,4,400,0.1,20,286228,2
11,5993,2,200,0.05,23,286227,4
11,5994,75,7500,1.85,21,286228,2
11,5995,5,500,0.12,11,286296,2
11,5996,7,700,0.17,23,286227,3
11,5997,12,1200,0.3,23,286227,2
11,5998,2,200,0.05,23,286227,1
11,5999,359,35900,8.87,82,286293,1
11,6000,82,8200,2.03,82,286293,2
11,6001,134,13400,3.31,22,286227,4
11,6002,1,100,0.02,21,286241,2
11,6003,2,200,0.05,22,286221,3
11,6004,80,8000,1.98,41,2519932,3
11,6005,28,2800,0.69,22,286221,4
11,6006,10,1000,0.25,20,286242,1
11,6007,98,9800,2.42,41,2519932,4
11,6008,2,200,0.05,11,286296,1
11,6009,29,2900,0.72,22,286227,2
11,6010,10,1000,0.25,23,286287,2
11,6011,8,800,0.2,23,286287,1
11,6012,11,1100,0.27,23,286287,3
11,6013,11,1100,0.27,20,286242,2
11,6014,33,3300,0.82,22,286227,3
11,6015,36,3600,0.89,22,286227,1
11,6016,314,31400,7.76,41,286250,4
11,6017,180,18000,4.45,43,286296,2
11,6018,183,18300,4.52,43,286296,1
11,6019,7,700,0.17,22,286287,1
11,6020,61,6100,1.51,82,286233,4
11,6021,8,800,0.2,20,286242,3
11,6022,188,18800,4.65,82,286242,2
11,6023,4,400,0.1,81,2519932,1
11,6024,46,4600,1.14,11,2519932,1
11,6025,181,18100,4.47,43,286296,3
11,6026,1,100,0.02,23,286287,4
11,6027,1,100,0.02,23,286303,2
11,6028,23,2300,0.57,21,286250,3
11,6029,66,6600,1.63,43,286293,2
11,6030,45,4500,1.11,82,286242,4
11,6031,108,10800,2.67,82,286242,3
11,6032,1,100,0.02,20,286242,4
11,6033,40,4000,0.99,82,3400380,2
11,6034,1,100,0.02,19,286234,3
11,6035,21,2100,0.52,19,286233,2
11,6036,143,14300,3.53,19,286233,1
11,6037,4,400,0.1,11,286250,2
11,6038,471,47100,11.64,41,286250,3
11,6039,429,42900,10.6,82,286250,1
11,6040,200,20000,4.94,43,286293,1
11,6041,356,35600,8.8,82,286242,1
11,6042,12,1200,0.3,82,286249,3
11,6043,28,2800,0.69,82,3400380,1
11,6044,13,1300,0.32,19,286234,2
11,6045,103,10300,2.55,43,286296,4
11,6046,135,13500,3.34,41,286287,2
11,6047,125,12500,3.09,41,286287,3
11,6048,1274,127400,31.48,41,286287,1
11,6049,137,13700,3.39,82,286250,2
11,6050,22,2200,0.54,43,286293,3
11,6051,12,1200,0.3,81,286293,2
11,6052,9,900,0.22,81,286293,1
11,6053,5622,562200,138.92,41,3400380,1
11,6054,10,1000,0.25,20,286298,2
11,6055,48,4800,1.19,41,286287,4
11,6056,71,7100,1.75,82,286250,3
11,6057,21,2100,0.52,81,286293,3
11,6058,30,3000,0.74,82,3400380,3
11,6059,6,600,0.15,20,286298,1
11,6060,526,52600,13.0,43,286226,4
11,6061,46,4600,1.14,43,286242,3
11,6062,3,300,0.07,19,286234,1
11,6063,8,800,0.2,22,286287,4
11,6064,122,12200,3.01,43,286250,3
11,6065,5,500,0.12,21,286293,1
11,6066,23,2300,0.57,43,286242,2
11,6067,1,100,0.02,20,286298,3
11,6068,6,600,0.15,22,286287,3
11,6069,63,6300,1.56,43,286250,4
11,6070,28,2800,0.69,43,286242,1
11,6071,23,2300,0.57,43,286242,4
11,6072,2,200,0.05,81,286262,2
11,6073,1,100,0.02,81,286262,1
11,6074,105,10500,2.59,43,2519931,1
11,6075,2,200,0.05,21,286293,2
11,6076,9,900,0.22,81,286293,4
11,6077,99,9900,2.45,81,286242,1
11,6078,769,76900,19.0,41,2519931,1
11,6079,418,41800,10.33,43,286228,4
11,6080,121,12100,2.99,43,286250,1
11,6081,66,6600,1.63,41,286298,2
11,6082,4,400,0.1,19,286233,3
11,6083,65,6500,1.61,43,286288,2
11,6084,128,12800,3.16,43,286288,1
11,6085,2,200,0.05,11,286262,1
11,6086,38,3800,0.94,20,286250,3
11,6087,12,1200,0.3,20,3400380,2
11,6088,1,100,0.02,11,286288,2
11,6089,52,5200,1.28,11,286288,1
11,6090,1,100,0.02,22,286296,3
11,6091,1,100,0.02,11,286287,3
11,6092,11,1100,0.27,11,286287,2
11,6093,141,14100,3.48,43,286228,3
11,6094,7,700,0.17,11,286287,1
11,6095,283,28300,6.99,41,3400380,3
11,6096,2,200,0.05,20,3400380,1
11,6097,95,9500,2.35,43,286287,2
11,6098,270,27000,6.67,43,286287,1
11,6099,8,800,0.2,22,286287,2
11,6100,143,14300,3.53,43,286250,2
11,6101,4,400,0.1,82,2399595,4
11,6102,24,2400,0.59,20,286250,4
11,6103,582,58200,14.38,41,3400380,2
11,6104,3,300,0.07,19,286288,2
11,6105,2,200,0.05,43,2399595,4
11,6106,107,10700,2.64,41,3400380,4
11,6107,13,1300,0.32,81,286250,3
11,6108,10,1000,0.25,19,286250,1
11,6109,1,100,0.02,81,286234,3
11,6110,115,11500,2.84,41,286242,3
11,6111,115,11500,2.84,41,286242,2
11,6112,2,200,0.05,81,286234,2
11,6113,8,800,0.2,81,286234,1
11,6114,23,2300,0.57,43,2519931,2
11,6115,4,400,0.1,81,286250,4
11,6116,50,5000,1.24,41,2519931,2
11,6117,66,6600,1.63,41,286242,1
11,6118,27,2700,0.67,43,286287,3
11,6119,18,1800,0.44,82,2519931,1
11,6120,32,3200,0.79,41,2519931,3
11,6121,6,600,0.15,19,286250,2
11,6122,1,100,0.02,19,286233,4
11,6123,25,2500,0.62,43,286304,2
11,6124,5,500,0.12,19,286250,3
11,6125,279,27900,6.89,43,286304,1
11,6126,105,10500,2.59,41,286242,4
11,6127,12,1200,0.3,43,286288,4
11,6128,47,4700,1.16,43,286288,3
11,6129,22,2200,0.54,41,2519931,4
11,6130,1,100,0.02,19,286288,3
11,6131,39,3900,0.96,43,286213,4
11,6132,22,2200,0.54,43,286287,4
11,6133,54,5400,1.33,43,286212,4
11,6134,279,27900,6.89,43,286212,3
11,6135,99,9900,2.45,43,286212,1
11,6136,34,3400,0.84,43,286213,3
11,6137,3,300,0.07,82,2519931,2
11,6138,284,28400,7.02,43,286212,2
11,6139,160,16000,3.95,41,286213,3
11,6140,83,8300,2.05,41,286213,4
11,6141,23,2300,0.57,43,286213,2
11,6142,22,2200,0.54,43,286213,1
11,6143,1,100,0.02,81,286233,4
11,6144,309,30900,7.64,43,3400380,1
11,6145,69,6900,1.71,43,3400380,2
11,6146,4,400,0.1,82,2519931,3
11,6147,7,700,0.17,82,2519931,4
11,6148,13,1300,0.32,43,3400380,3
11,6149,27,2700,0.67,43,286228,2
11,6150,1,100,0.02,81,286242,3
11,6151,819,81900,20.24,41,286288,1
11,6152,176,17600,4.35,41,286213,2
11,6153,54,5400,1.33,41,286213,1
11,6154,2,200,0.05,43,2519931,3
11,6155,3,300,0.07,43,2519931,4
11,6156,48,4800,1.19,41,286288,3
11,6157,6,600,0.15,81,286213,4
11,6158,23,2300,0.57,81,2519931,1
11,6159,4,400,0.1,81,286213,3
11,6160,32,3200,0.79,20,286213,4
11,6161,9,900,0.22,20,2519932,4
11,6162,109,10900,2.69,41,286288,2
11,6163,6,600,0.15,81,286213,2
11,6164,24,2400,0.59,41,286288,4
11,6165,37,3700,0.91,43,286223,3
11,6166,8,800,0.2,81,286213,1
11,6167,11,1100,0.27,20,286213,3
11,6168,66,6600,1.63,43,286223,2
11,6169,19,1900,0.47,41,286223,4
11,6170,37,3700,0.91,21,286223,3
11,6171,29,2900,0.72,21,286223,2
11,6172,3,300,0.07,43,286228,1
11,6173,35,3500,0.86,21,286223,4
11,6174,26,2600,0.64,41,286223,3
11,6175,16,1600,0.4,41,286223,1
11,6176,20,2000,0.49,19,286228,3
11,6177,17,1700,0.42,19,286228,4
11,6178,30,3000,0.74,82,286293,3
11,6179,8,800,0.2,20,2519932,3
11,6180,73,7300,1.8,21,286223,1
11,6181,9,900,0.22,19,286228,2
11,6182,31,3100,0.77,41,286223,2
11,6183,18,1800,0.44,21,286228,1
11,6184,2,200,0.05,19,286287,4
11,6185,6,600,0.15,11,3400380,2
11,6186,29,2900,0.72,11,3400380,1
11,6187,3,300,0.07,11,286250,3
11,6188,2,200,0.05,21,2519932,1
11,6189,2,200,0.05,11,286233,3
11,6190,3,300,0.07,20,286213,2
11,6191,13,1300,0.32,11,286242,1
11,6192,73,7300,1.8,41,286310,2
11,6193,79,7900,1.95,41,286310,3
11,6194,152,15200,3.76,21,286226,4
11,6195,2,200,0.05,11,286233,4
11,6196,54,5400,1.33,82,286310,3
11,6197,4,400,0.1,11,286242,2
11,6198,2,200,0.05,11,286242,4
11,6199,40,4000,0.99,41,286310,4
11,6200,2,200,0.05,11,286242,3
11,6201,70,7000,1.73,81,286222,1
11,6202,5,500,0.12,43,2519932,4
11,6203,15,1500,0.37,81,286227,1
11,6204,120,12000,2.97,41,286296,1
11,6205,2,200,0.05,21,286287,3
11,6206,8,800,0.2,21,286213,3
11,6207,1,100,0.02,21,286213,4
11,6208,58,5800,1.43,41,286310,1
11,6209,10,1000,0.25,82,286250,4
11,6210,3,300,0.07,82,286310,4
11,6211,4,400,0.1,81,286227,2
11,6212,1,100,0.02,82,286303,2
11,6213,3,300,0.07,43,3400380,4
11,6214,2,200,0.05,19,286288,4
11,6215,4,400,0.1,81,286222,2
11,6216,1,100,0.02,21,286213,2
11,6217,22,2200,0.54,11,286250,1
11,6218,7,700,0.17,20,286226,1
11,6219,54,5400,1.33,41,286295,3
11,6220,7,700,0.17,43,286295,4
11,6221,32,3200,0.79,41,286295,2
11,6222,15,1500,0.37,21,286296,1
11,6223,23,2300,0.57,21,286296,2
11,6224,29,2900,0.72,43,286295,3
11,6225,54,5400,1.33,43,286223,1
11,6226,8,800,0.2,19,286296,4
11,6227,11,1100,0.27,19,286296,3
11,6228,25,2500,0.62,41,286295,4
11,6229,13,1300,0.32,19,286223,3
11,6230,20,2000,0.49,43,286223,4
11,6231,3,300,0.07,19,286223,2
11,6232,3,300,0.07,19,286223,4
11,6233,4,400,0.1,19,286296,1
11,6234,18,1800,0.44,43,286304,4
11,6235,1,100,0.02,19,286223,1
11,6236,31,3100,0.77,82,286223,2
11,6237,5,500,0.12,19,286296,2
11,6238,25,2500,0.62,82,286223,1
11,6239,20,2000,0.49,21,286296,3
11,6240,23,2300,0.57,21,286296,4
11,6241,2,200,0.05,11,286228,2
11,6242,4,400,0.1,11,286293,1
11,6243,111,11100,2.74,82,286222,1
11,6244,33,3300,0.82,82,286222,2
11,6245,196,19600,4.84,82,286310,2
11,6246,27,2700,0.67,43,286295,2
11,6247,12,1200,0.3,41,286295,1
11,6248,36,3600,0.89,81,286249,1
11,6249,1,100,0.02,81,286287,1
11,6250,9,900,0.22,82,286223,3
11,6251,65,6500,1.61,43,286225,3
11,6252,38,3800,0.94,43,286294,2
11,6253,61,6100,1.51,43,286294,1
11,6254,119,11900,2.94,43,286225,4
11,6255,13,1300,0.32,41,286294,2
11,6256,10,1000,0.25,43,286225,2
11,6257,21,2100,0.52,41,286294,1
11,6258,200,20000,4.94,41,286241,2
11,6259,10,1000,0.25,81,286249,2
11,6260,2,200,0.05,82,286293,4
11,6261,15,1500,0.37,43,286295,1
11,6262,18,1800,0.44,82,286294,1
11,6263,69,6900,1.71,55,286226,2
11,6264,218,21800,5.39,41,286241,3
11,6265,121,12100,2.99,41,286241,1
11,6266,738,73800,18.24,82,286310,1
11,6267,10,1000,0.25,82,286294,2
11,6268,34,3400,0.84,55,286226,3
11,6269,64,6400,1.58,55,286226,1
11,6270,1,100,0.02,43,286222,4
11,6271,32,3200,0.79,55,286296,2
11,6272,3,300,0.07,21,286225,2
11,6273,10,1000,0.25,21,286225,3
11,6274,34,3400,0.84,55,286296,1
11,6275,47,4700,1.16,41,286254,3
11,6276,39,3900,0.96,55,3400380,1
11,6277,11,1100,0.27,55,286296,3
11,6278,4,400,0.1,21,286225,1
11,6279,5,500,0.12,21,286225,4
11,6280,31,3100,0.77,41,286254,2
11,6281,39,3900,0.96,20,286241,3
11,6282,100,10000,2.47,20,286241,4
11,6283,2,200,0.05,55,286296,4
11,6284,29,2900,0.72,55,286226,4
11,6285,23,2300,0.57,43,286284,4
11,6286,7,700,0.17,41,286254,1
11,6287,24,2400,0.59,20,286241,2
11,6288,29,2900,0.72,91,286287,1
11,6289,67,6700,1.66,41,286297,3
11,6290,36,3600,0.89,41,286297,2
11,6291,9,900,0.22,41,286297,1
11,6292,37,3700,0.91,41,286254,4
11,6293,3,300,0.07,20,286241,1
11,6294,6,600,0.15,21,3400380,2
11,6295,128,12800,3.16,43,286241,3
11,6296,93,9300,2.3,41,286297,4
11,6297,104,10400,2.57,43,286241,2
11,6298,7,700,0.17,20,286254,2
11,6299,17,1700,0.42,20,286254,3
11,6300,1,100,0.02,41,286225,1
11,6301,10,1000,0.25,20,286254,1
11,6302,4,400,0.1,20,286254,4
11,6303,211,21100,5.21,43,286241,1
11,6304,72,7200,1.78,55,286223,1
11,6305,62,6200,1.53,55,286223,2
11,6306,54,5400,1.33,55,3400380,3
11,6307,11,1100,0.27,55,3400380,4
11,6308,42,4200,1.04,55,286310,3
11,6309,76,7600,1.88,55,3400380,2
11,6310,85,8500,2.1,55,286310,2
11,6311,28,2800,0.69,55,286223,3
11,6312,2,200,0.05,91,286241,4
11,6313,12,1200,0.3,55,286223,4
11,6314,1,100,0.02,11,286297,1
11,6315,8,800,0.2,81,286297,3
11,6316,7,700,0.17,11,286227,1
11,6317,3,300,0.07,11,286297,2
11,6318,29,2900,0.72,81,286297,4
11,6319,123,12300,3.04,55,286241,3
11,6320,30,3000,0.74,55,286310,4
11,6321,173,17300,4.27,55,286241,2
11,6322,54,5400,1.33,55,286310,1
11,6323,231,23100,5.71,55,286240,2
11,6324,210,21000,5.19,55,286240,1
11,6325,179,17900,4.42,55,286241,1
11,6326,192,19200,4.74,55,286241,4
11,6327,102,10200,2.52,55,286240,3
11,6328,94,9400,2.32,55,286250,3
11,6329,62,6200,1.53,55,286240,4
11,6330,162,16200,4.0,55,286250,1
11,6331,191,19100,4.72,55,286250,2
11,6332,27,2700,0.67,55,286250,4
11,6333,2,200,0.05,55,286237,1
11,6334,46,4600,1.14,41,286237,4
11,6335,7,700,0.17,55,286237,4
11,6336,8,800,0.2,11,286237,1
11,6337,3,300,0.07,19,286227,1
11,6338,2,200,0.05,11,286226,2
11,6339,1,100,0.02,11,286237,3
11,6340,3,300,0.07,11,286226,1
11,6341,2,200,0.05,55,286237,3
11,6342,4,400,0.1,19,286225,4
11,6343,2,200,0.05,19,286225,3
11,6344,34,3400,0.84,55,286288,1
11,6345,10,1000,0.25,55,286228,4
11,6346,64,6400,1.58,55,286309,1
11,6347,16,1600,0.4,55,286309,2
11,6348,1,100,0.02,43,286225,1
11,6349,3,300,0.07,55,2519932,3
11,6350,5,500,0.12,55,2519932,2
11,6351,78,7800,1.93,41,286309,1
11,6352,3,300,0.07,11,2519932,2
11,6353,10,1000,0.25,55,2519932,1
11,6354,45,4500,1.11,41,286309,2
11,6355,3,300,0.07,41,286309,3
11,6356,657,65700,16.23,55,286239,1
11,6357,1,100,0.02,55,2519932,4
11,6358,1,100,0.02,11,2519932,4
11,6359,93,9300,2.3,55,286239,2
11,6360,203,20300,5.02,55,286249,1
11,6361,46,4600,1.14,55,286249,2
11,6362,2,200,0.05,55,286309,3
11,6363,33,3300,0.82,55,286304,1
11,6364,5,500,0.12,55,286228,2
11,6365,8,800,0.2,55,286304,2
11,6366,1,100,0.02,55,286228,3
11,6367,97,9700,2.4,55,286298,1
11,6368,44,4400,1.09,55,286233,2
11,6369,285,28500,7.04,55,286233,1
11,6370,2,200,0.05,55,286228,1
11,6371,2,200,0.05,55,286249,3
11,6372,11,1100,0.27,55,286233,3
11,6373,2,200,0.05,55,286298,2
11,6374,276,27600,6.82,41,286298,1
11,6375,2,200,0.05,19,286241,4
11,6376,1,100,0.02,19,286241,3
11,6377,1,100,0.02,19,286241,2
11,6378,123,12300,3.04,19,286239,1
11,6379,131,13100,3.24,41,286239,1
11,6380,52,5200,1.28,43,286239,1
11,6381,16,1600,0.4,43,286293,4
11,6382,7,700,0.17,43,286304,3
11,6383,22,2200,0.54,43,286239,2
11,6384,13,1300,0.32,41,286298,3
11,6385,237,23700,5.86,43,286309,1
11,6386,26,2600,0.64,43,286309,2
11,6387,1,100,0.02,82,286226,4
11,6388,213,21300,5.26,82,286309,1
11,6389,16,1600,0.4,82,286234,4
11,6390,6,600,0.15,43,286234,4
11,6391,1,100,0.02,82,286241,2
11,6392,34,3400,0.84,43,286234,3
11,6393,1,100,0.02,43,286269,2
11,6394,16,1600,0.4,43,286234,2
11,6395,15,1500,0.37,82,286269,1
11,6396,8,800,0.2,82,286269,3
11,6397,27,2700,0.67,82,286269,2
11,6398,1,100,0.02,43,286234,1
11,6399,6,600,0.15,19,286240,1
11,6400,5,500,0.12,19,286240,2
11,6401,155,15500,3.83,41,286282,1
11,6402,23,2300,0.57,41,286282,2
11,6403,5,500,0.12,41,286282,3
11,6404,1,100,0.02,41,286282,4
11,6405,33,3300,0.82,19,286239,2
11,6406,5,500,0.12,41,286239,3
11,6407,44,4400,1.09,41,286239,2
11,6408,11,1100,0.27,82,286204,3
11,6409,1,100,0.02,19,286304,4
11,6410,10,1000,0.25,19,286304,1
11,6411,19,1900,0.47,19,286239,3
11,6412,73,7300,1.8,41,286269,2
11,6413,66,6600,1.63,41,286269,3
11,6414,3,300,0.07,19,286239,4
11,6415,168,16800,4.15,41,286269,1
11,6416,3,300,0.07,20,286269,1
11,6417,6,600,0.15,20,286269,2
11,6418,8,800,0.2,20,286269,3
11,6419,4,400,0.1,41,286239,4
11,6420,4,400,0.1,20,286269,4
11,6421,28,2800,0.69,41,286269,4
11,6422,6,600,0.15,21,286239,1
11,6423,3,300,0.07,21,3400380,3
11,6424,6,600,0.15,21,286239,2
11,6425,2,200,0.05,21,3400380,1
11,6426,50,5000,1.24,61,286262,1
11,6427,8,800,0.2,61,2399595,1
11,6428,14,1400,0.35,61,286262,2
11,6429,7,700,0.17,61,2399595,2
11,6430,9,900,0.22,20,286239,1
11,6431,12,1200,0.3,20,286239,2
11,6432,6,600,0.15,61,286304,1
11,6433,29,2900,0.72,61,286298,1
11,6434,1,100,0.02,20,286239,3
11,6435,2,200,0.05,61,286298,2
11,6436,4,400,0.1,19,3400380,2
11,6437,5,500,0.12,19,3400380,1
11,6438,16,1600,0.4,19,286309,2
11,6439,24,2400,0.59,19,286309,1
11,6440,12,1200,0.3,41,286274,1
11,6441,15,1500,0.37,43,286274,1
